# AI 泔水
17966
71329
75388
85472
149221
156918
194438
231200
296483
333580
356742
357956
379137
379479
399395
457546
496315
510632
562666
611138
622887
638723
647959
651932
653556
660350
683359
750272
759040
798193
799175
826614
870061
878957
881243
895613
930611
933461
952411
1289888
1306407
1307028
1307595
1313066
1319737
1321182
1380877
1427945
1444574
1542531
1595482
1666948
1678819
1703896
1749485
1753972
1894538
1977566
2008242
2027480
2053473
2102195
2234920
2248324
2321072
2392580
2550830
2713591
2741582
2888265
2935461
3002391
3045228
3064496
3101061
3187992
3250699
3277782
3306448
3328358
3464644
3541434
3738743
3760235
3780924
3817515
3900533
3928913
3932221
4068836
4107027
4123329
4156877
4162771
4177606
4282434
4406419
4433155
4545598
4578498
4623769
4681922
4807336
4858821
4866201
4927859
4955639
5074686
5107230
5155433
5188951
5252567
5493822
5550646
5594687
5663692
5733676
5753433
5761735
5955918
5982127
6322336
6412763
6416572
6609496
6756999
6825015
6846462
6902846
6925341
7067761
7256376
7312102
7324845
7339097
7362333
7364287
7411666
7435096
7487399
7655053
7679425
7701005
7799326
7838245
7856397
7873222
7945132
7960697
7987452
7992849
8036520
8058632
8141635
8146185
8149363
8272905
8379680
8439811
8478684
8490474
8561995
8601258
8685073
8874241
8879930
8935374
8990788
9017115
9067929
9088810
9135557
9146203
9244107
9261532
9262171
9400798
9470558
9498260
9541759
9555315
9634580
9669756
9834256
9858288
9914744
9933315
9981108
10034108
10105961
10136906
10189443
10227595
10235847
10237770
10401153
10479118
10521473
10616614
10682389
10700990
10704900
10724068
10738853
10799413
10806704
10859258
10865394
10976962
11026974
11059221
11167232
11228727
11249209
11271510
11322473
11327257
11386970
11407567
11431925
11447002
11625903
11642218
11723969
11806170
12092486
12204280
12213247
12320286
12324889
12394480
12402329
12410349
12500398
12515683
12545996
12550380
12663503
12738901
12740503
12758656
12836240
12848006
12850971
12906406
12944398
13117723
13226548
13241923
13280399
13462701
13487641
13538674
13731119
13793735
13817859
13833274
14006799
14257542
14308563
14324761
14390348
14404564
14411726
14474027
14487147
14498805
14513272
14523135
14578753
14606256
14664823
14734036
14756783
14799625
14893029
15069190
15127066
15167172
15172469
15200241
15204809
15250533
15264493
15279484
15365927
15384688
15540204
15773249
15822173
15850184
15919839
16051304
16053425
16054375
16265267
16297237
16414170
16460092
16463840
16466585
16507056
16824795
16829255
16937667
16948579
16970305
16975218
17001497
17171469
17338827
17437343
17593415
17678893
17697710
17814085
17817839
17892894
17919458
18017668
18046152
18076742
18082478
18089361
18090863
18129346
18173035
18180848
18233191
18346344
18410885
18458359
18475307
18539242
18719228
18721743
18746232
18773445
18782221
18809396
18911140
18912153
18928423
18959637
18978941
18989707
19028134
19072897
19264469
19466407
19468175
19489860
19520104
19524463
19536510
19547807
19687271
19729224
19742733
19751188
19915344
19978696
20055546
20072375
20124064
20165119
20243580
20425051
20488754
20516822
20534334
20612501
20656543
20661288
20692372
20762956
20796993
20831808
20844060
20897534
20955918
20970551
20988554
21005006
21091225
21271534
21306228
21384754
21396996
21434326
21444819
21462517
21474105
21552937
21553925
21577052
21594208
21783184
21788136
21827832
21852385
21936966
21951780
22060211
22119300
22135680
22147223
22194149
22232794
22333959
22339709
22353335
22521548
22569706
22621480
22696205
22702192
22734105
22744832
22790681
22800617
22809097
22814160
22847276
22891364
23036329
23041546
23072595
23099556
23192528
23264958
23349971
23408986
23435243
23448512
23506665
23527807
23532362
23552973
23600545
23606102
23623765
23648024
23714381
23733342
23959218
23967494
23981233
24094677
24215475
24232537
24270359
24609349
24687539
24728212
24795888
24807597
24949035
24981587
25009481
25357837
25489928
25563220
25565252
25636239
25734296
25801376
25809666
25826983
25849423
25869478
25913787
25916341
25996980
26096205
26139487
26169141
26230895
26261338
26303089
26364682
26425531
26597031
26665132
26728071
26874389
26932064
27109599
27207350
27277526
27501166
27596677
27739287
27746137
27795733
27796528
27802599
27812058
27821099
27902003
27971655
28082125
28273053
28329223
28397439
28449531
28460300
28493291
28626247
28804030
28816029
28871859
28949382
29101347
29141449
29152797
29315747
29323471
29541727
29794039
29982729
30313053
30407361
30458495
30519127
30550647
30619489
30638681
30674640
30693563
30754329
30758348
30760802
30769225
30792743
30824445
30905576
30921298
30924841
30933721
30942885
31060606
31071917
31205811
31332209
31357825
31443715
31499584
31502588
31507338
31522591
31538964
31624914
31641500
31778225
31785999
31893051
31900582
31995787
32006429
32122354
32132673
32161167
32176893
32231791
32238371
32264336
32342872
32345189
32363709
32371545
32386477
32455047
32462290
32506116
32591909
32666576
32703382
32760285
32780725
32787967
32818247
32838213
32930267
33033169
33090548
33165481
33250570
33397270
33444117
33656944
33799551
33949687
34010623
34046024
34202085
34202972
34236673
34319654
34340049
34408951
34415435
34449237
34460586
34502106
34549355
34565096
34850846
34863278
34972932
35014619
35067367
35140979
35149218
35149244
35191292
35209992
35236401
35321064
35354976
35428306
35546147
35650515
35719518
35811260
35812322
35820212
35896190
35896895
35944311
36033728
36115675
36167668
36184131
36391349
36555175
36569102
36614118
36711620
36783608
36862188
36940612
37061879
37142730
37194363
37262165
37280238
37399908
37428257
37447115
37503921
37700445
37762801
37814990
37988237
38027570
38035448
38115349
38192549
38242433
38256532
38263314
38307583
38341872
38440444
38443717
38561225
38627692
38664646
38668618
38756617
38802989
38820160
38912439
38928472
39078768
39124302
39273326
39382623
39470844
39488029
39555782
39566310
39583392
39732639
39885016
39976015
40022586
40026501
40046690
40088303
40309815
40326800
40443527
40492449
40505475
40527560
40624185
40632922
40714772
40779978
40841819
40848262
40888334
41012250
41031552
41037047
41091063
41092722
41386223
41738358
41831312
41964049
42329168
42345637
42562224
43071105
43144920
43231596
43242024
43244677
43290808
43512556
43588228
43596929
43636259
43754919
43844601
43867061
44060566
44101433
44113399
44223465
44226550
44240129
44359329
44420978
44432317
44462098
44595021
44793261
44891089
45092976
45224453
45322045
45739173
45767685
46020941
46283666
46318377
46419904
46421110
46660787
46706736
46797533
46933565
46991633
47126976
47386147
47739678
47938998
48426361
48563949
48594298
48934397
49089728
49311537
49333096
49382090
49387738
49694522
49751124
49753088
49766729
49919842
49920078
49923523
49999887
50028872
50048678
50304707
50307677
50314866
50340691
50717938
50766549
50795126
50836974
50987611
51029897
51215026
51284619
51753875
51901055
52198271
52361029
52770881
53010614
53012024
53071427
54227422
54854670
54956734
55071649
55334798
55354471
55429408
55464309
55525768
56268571
56410675
56727306
57063381
57199939
57244220
57477330
57776270
57898248
58166847
58250415
58318414
58330464
58634620
59404816
59440504
59472460
59546812
59550906
60016739
60155313
60559400
60560035
61072666
62790291
62826860
62911270
63292140
63648896
64223483
64622327
64755432
65163970
65170277
65288999
65380110
65380167
65500966
65557199
65591383
65601093
65740165
65815448
65890892
65953057
66297767
66947453
67075970
67184542
67216699
67461358
67475359
67637857
67647407
67946314
68433267
68921059
69775707
71138992
71226569
71377016
72371052
72600023
72624805
72786077
72887114
72910094
72946431
73194837
73320743
73656313
73701192
73764924
73884224
74199839
74413516
74418721
74625042
75014708
75059134
75073695
76691595
76766577
77074918
77318422
77336818
77557766
78172928
79354897
79470582
79693798
79868323
80032999
80230166
80287517
81657464
82054441
82227900
82377213
82501717
82576512
82702632
83036222
83554832
84122694
84235237
84359207
84468144
84484196
84977878
85397187
85712276
85748143
85809625
85902423
86109271
86372368
86677032
86841603
87173464
87187569
87235099
87810685
87876371
88177556
88742957
88810495
89137393
89676015
89752450
89926396
89976813
90201376
91173237
91663501
91838618
92564829
92967965
93579404
93626783
93730082
93870441
93891294
94000293
94039626
94403548
94539410
94633035
94661589
94732559
94798434
95073041
95089391
95094517
95257565
95306372
95402164
95504716
95509170
95522561
95720350
95825800
95895581
95932913
96003239
96055041
96195660
96209514
96392719
96405634
96458644
96492431
96529087
96778597
96779978
96827689
96910722
97260482
97385981
97652960
97725613
97983919
97993617
98240066
98720919
98745369
98773037
98833936
98923677
98923706
98923715
99039436
99039857
99042165
99105539
99223552
99316784
99394121
99638297
99814392
99919801
100392906
100838627
101015677
101329151
102067928
102401502
102737030
102867622
103289653
103608942
104166728
104225446
104557398
105039130
105045538
105504349
105610902
105720344
106006169
106083824
106428673
106793110
106993282
107016379
107244352
107407699
107415752
107449317
107465347
107611187
107640925
107997158
108025465
108171061
108176714
108240797
108263466
108265954
108268860
108418841
108670715
108750794
109020109
109074217
109075157
109507545
109643639
110235112
110926007
111170996
111702692
111803100
112366173
112573196
112755417
112840278
112914576
112974886
113318510
113325854
113523270
113582702
113967396
114288292
116333946
118592380
120009656
121200862
121419754
121903783
122428273
123160184
123248118
123331351
123365258
123751577
124484242
125065623
125457767
126100786
128473773
128823893
128826266
128830542
129127576
129357523
129379872
129488144
130107415
130356942
130728302
131361719
131428595
131479717
133275471
134019697
136879976
139077360
140053690
140821889
141570885
142240406
142794814
144011534
144942599
145671673
147728248
147846620
148926616
148983299
149200819
150115963
151396728
151711942
151897610
152970396
153252247
154226243
154802139
155713487
155864293
155864472
156964003
157354835
157539211
158424637
158724358
159315243
160082242
160314922
161794296
162732561
163015524
163839619
164586022
164604272
164627751
164758274
166355556
166953547
167188998
167262753
167580802
167927090
168193700
168220857
168253012
168644266
168650682
168753720
169203996
169684278
169696034
169999481
170071854
170089657
170119363
170184749
170319256
170725623
170792996
171024156
171452765
171477217
171978834
172436525
173261538
173479353
173562933
173732792
174104347
174402601
174505312
175286984
175439445
176052485
176422741
176778475
177694820
177819240
177944518
177995130
178065871
178381238
178428856
178804900
178974389
179157725
180194423
180245156
180605545
180885098
181055225
181672998
182480722
183480417
183499419
185333483
185593193
185695122
185836272
186507573
187463488
188089664
189272678
192057132
192066537
193449588
194394150
194482400
194690576
195083571
195247684
197533503
198239875
199723256
200599315
200635917
201313962
203142891
203647562
204846603
205056265
205077958
205379110
206121035
206248722
206652577
207429745
208884968
208948057
209599250
210969422
211711848
211855459
213254559
213793357
214733845
214821055
215302445
217013334
217854199
217960783
218437763
218942742
219405122
219584052
220090130
220771683
221170406
221496451
221635778
221647725
221689486
222674840
223303462
223803241
224664162
225169398
225182018
225444515
225538085
226287093
227630073
228374070
228444524
229077090
229099122
229110695
230164646
230418016
230960229
232456030
233261907
233474257
233490607
233624563
234834876
234886446
235019927
235633321
235752233
235756066
235761903
236165593
236170157
236424668
236643037
237348840
237532816
237648694
237696455
237845627
237873955
238039299
238165152
238689209
239278017
239278319
239278705
239282301
239284350
239572175
239907180
240108666
240809642
240891572
240949897
241271166
241289840
241375627
241599834
241673296
242074760
242196423
242205755
243015082
243159820
243705165
244238385
244300576
245146759
246587916
246618666
246932839
247272663
247327148
247534069
248034735
248427597
249127923
249219053
249240028
249295355
249513260
249696722
250182224
250201449
250408385
250631957
250648682
250712949
250727604
251132570
251245471
251370745
251384183
251583487
252162258
252496195
252566238
252694380
252956468
252978887
253429560
253815487
254010338
254076420
254084613
254212798
254216788
254594448
254640459
254768718
255475003
255605295
255799412
255839469
256113141
256432936
256537868
256546191
257336905
258030280
258160766
258481313
258743904
259162927
259208513
259272344
259407556
259636493
259746765
259759269
260285994
260474902
260690643
260913265
261027761
261586512
261795821
262161500
262165292
262282350
262309592
262880057
263282763
263546833
264533561
264558125
264968147
266100538
266230421
266233267
266369885
266674938
266697098
266713308
267244461
267453982
267471202
267699916
268175635
269057175
269457997
269773058
269817150
270043173
270466434
270508172
271144934
271476035
271964738
272219270
272690865
272710544
272992778
273318517
273460306
274047291
274203109
274392618
274456704
274988679
275062738
275221610
275222584
275308623
275656457
275692666
275751312
275912451
275990022
276292800
276318926
276469592
277214116
277557974
277612109
277656733
277766933
277923942
278319841
278541115
278564904
278602150
279044109
279045721
279226470
279381866
279437459
279439510
279442552
279465877
279465895
279571909
279588375
279767264
279903981
280083044
280492317
280726713
280767701
281380550
281612278
281795069
281894739
282174933
282267727
282321616
282324018
282324020
282428888
282859039
282967538
282968959
283012448
283037333
283087720
283168187
283488154
283663837
283844468
284014945
284065016
284123854
284133015
284796938
284848083
285361237
285959872
286422116
286454368
286598753
286634249
286897925
287008169
287110850
287291651
287321988
287332618
287988197
288128948
288133415
288157957
288170907
288203068
288314851
288553444
288680820
288780713
288947729
289110322
289212837
289219241
289416546
289542790
289544824
289591495
289600138
289788514
289986134
290296443
290351452
290517359
290910958
291205242
291280839
291299726
291324530
291804861
291953479
292057296
292662321
292755378
292926666
293204653
293604140
293743833
293770866
294177165
294889631
295033863
295267916
295333530
295857018
296355087
296472960
296764866
296834946
296861106
296866277
296923964
296935128
297294598
297693554
297733457
298186596
298296615
298423195
298451431
298497647
298584913
298679556
298692608
298701178
299155614
299172174
299563100
299598027
299665087
299710168
299817960
299946576
300016042
300029185
300238773
300240194
300241228
300468096
300648599
300753406
300771817
300812869
300892666
300989394
301092960
301152036
301413695
301431086
301437011
301446520
301560271
301767438
302067751
302143551
302207069
302401847
302678559
303723334
303873040
304867184
305059560
305762298
305779099
305803439
306072805
306310771
306410637
307002295
307255439
307417667
308128456
308317097
308846795
308931548
309149820
309377258
309439834
309823286
310025855
310319650
310574506
311710406
311845099
312092023
312734436
313602427
313695507
314013828
314078435
314195703
314201631
314429209
314443141
314458045
314580551
314835220
315080509
315264095
315316412
315917167
315990258
316194130
316536216
316560606
316693201
317029505
317065025
317632625
317697256
317805454
317937501
317937752
317949190
317999311
318082201
318171696
318430246
318474958
318515183
318834349
318889571
319077926
319084724
319102574
319254062
319297570
319387139
319633386
319723485
320083732
320248151
320307575
320625493
320643229
320971075
320999534
321187058
321460029
321473741
321592524
321816311
322653976
323221702
323249150
323339601
323466554
323721378
323758076
324176133
324302746
324603377
324632775
324803836
324899613
325046672
325101440
325144459
325454924
325631873
325693420
325720934
325881639
325979782
325988896
325997628
326378982
326567102
326738995
326891017
326954030
327107098
327125962
327179713
327385395
327464030
327567608
327619893
327643036
327693950
327723381
327839490
328053802
328111897
328544845
328938761
329069960
329089012
329245613
329402866
329908211
330006237
330035791
330200547
330223528
330491712
330777454
332645348
332717719
333517617
333665540
333905981
334005700
334292205
334595741
334653014
335091958
335119378
335296798
335587565
335689091
335689368
335714201
335875134
336321458
336460179
336690489
336708734
336759862
337450330
337994386
338465515
338776821
341127224
341677520
341876968
341898638
342006026
342006696
342468051
342520116
343396004
343615124
343655586
343789735
343828250
343953376
344004623
344006713
344036042
344184569
344408411
344423277
344605797
344689252
345354870
345649118
345762485
345956363
346066146
346103475
346135993
346148975
346670881
346788016
347166741
347350332
347674509
347811646
347855146
347864474
347962587
348489742
348683707
348699055
348722411
348965238
349198091
349212753
349565549
349723095
349776594
349917927
349933012
350188748
350265120
350488678
350546548
350548212
350632452
350875082
350909097
351421085
351685264
351737139
351749471
351751321
351770309
351960168
352108946
352142395
352230366
352341721
352373126
352454585
352515581
352622548
352661234
352883908
352904597
353028530
353138799
353170057
353232288
353244783
353277902
353419764
353480731
353570446
353780178
353862288
353927108
354117847
354151849
354303630
354325143
354375661
354397855
354869363
354900562
354963229
355145229
355187234
355187374
355219927
355603289
355684179
355858797
355966652
355995489
356311808
356338870
356340421
356412874
356425951
356509004
356611859
356648099
356671301
356800863
356816426
357406672
357584993
357912720
357965120
358291987
358367548
358448849
358465964
358521907
358567876
358613296
358742889
359096843
359530561
359532142
359556277
359688901
359761993
360233634
360273107
360439204
361765040
362122270
362153325
362377589
362504916
362804686
363714426
363828870
363907972
364141796
364164975
364313628
364556962
364888162
364923049
366857796
367454017
367918060
367979959
368060199
368215834
368722196
368952550
369412436
370269586
370835568
370855910
371631057
371781776
371851347
371942478
372194452
372242885
372448932
372576997
372692733
373538873
374342256
374370601
374769992
374875188
375285117
375293749
375498231
375538144
375621969
376318955
376340472
376949630
377715488
378133623
378575268
378841826
378970453
379040861
379045735
379251863
379854253
380088303
380370191
380835210
380866683
381297519
381301481
381311503
381402319
381410264
381557066
381559116
381621134
381645871
381773011
381795691
381810059
381910902
381940592
381992824
381996113
382042364
382080552
382244432
382283770
382334148
382440375
382462940
382481488
382519927
382614089
382614671
382641202
382647446
382666207
382727268
382806316
382827838
382879566
382948180
382951324
382962614
382987588
383091218
383235639
383271841
383322716
383381384
383448560
383466604
383534064
383586233
383588974
383687065
383738007
383759049
383866502
383902900
384081589
384089606
384240077
384417408
384468600
384481476
384530667
384583534
384683594
384698201
384716119
384827164
384913589
384937150
385028038
385037297
385087991
385122492
385160199
385236524
385316251
385364871
385632660
385918628
385947221
385959548
386048310
386128791
386167704
386184699
386228036
386262268
386312765
386610522
386656804
386725509
386784647
386906239
387013707
387077150
387088543
387209345
387237051
387500030
387520059
387788260
387846355
387970804
388058903
388086731
388149245
388174134
388225271
388290498
388318096
388457995
388505753
388512122
388693230
388701811
388727427
389076589
389126691
389573729
389732418
389821185
389843132
389910474
390165851
390238420
390334250
390394293
390417084
390472595
390486400
390616967
390693223
390713367
390852612
390946403
390966817
391122964
391133532
391514965
391727627
391840147
391882754
392036287
392077857
392214063
392467596
392669629
392721932
392807943
392808105
392873368
392878302
392880445
392885427
392947190
392957385
393103178
393128332
393182309
393230205
393308401
393311203
393327436
393345723
393462843
393463264
393522818
393630284
393763526
394010469
394173479
394250971
394728940
394759660
394971389
395092466
395119522
395151861
395153408
395215395
395722765
395725140
395834551
396007926
396064120
396310064
396371095
396406366
396476926
396597547
396614703
396619849
396633955
396689329
396838584
396927458
396933863
397097930
397190941
397219443
397257361
397317293
397329656
397444808
397489413
397603117
397649128
397652055
397660894
397716418
397718409
397866039
397871187
397965621
398083895
398112214
398377963
398460741
398467234
398607331
398691610
398948695
399154944
399261376
399285946
399395926
399469988
399564258
399695043
399708678
399762891
399782450
399864001
400149138
400460363
400473969
400595469
400678330
400719755
400738472
400780294
400909287
401002375
401225854
401315204
401702115
401706615
401838255
401920845
402111903
402172663
402427930
402454731
402466290
402523026
402573046
402587051
402594499
402595520
402798220
402950945
403059016
403253605
403349668
403409816
403518540
403696288
403724456
403770156
403790282
403949197
404040603
404056412
404063636
404131807
404177655
404229153
404243345
404470877
404481782
405012706
405226967
405264388
405351668
405742856
405775500
405934601
405961972
406167408
406282222
406306806
406373904
406778707
406798988
406927614
406933034
407027840
407201885
407249338
407264439
407364199
407470191
407519012
407569073
407811950
408141313
408479296
408992497
409564617
409575978
409725835
410049365
410150904
410178816
410182375
410212277
410216707
410255577
410584240
410588704
410850909
410896120
410968489
411264490
411311109
411501898
411634272
411895132
411948827
411960977
412592319
412660195
412707957
412782049
412793795
412807260
413065045
413081097
413124590
413315522
413486376
414094347
414485428
414632635
414664076
414666053
414822006
414911717
414961327
415168441
415200217
415270904
415278007
415430826
415600774
416153991
416329347
416549279
416733364
417064106
417414980
417431477
418128982
418210569
418235208
418269979
418393983
419343426
420352533
420405199
421410144
421485985
421754235
421793686
422519270
422583675
423325430
423760465
424013895
424063343
424106334
424427671
424771435
425249769
426185588
426245394
426643319
426987171
427629420
428174871
428235394
428248159
429150850
429326032
429573595
429611739
429639532
429805540
429908251
429938644
429970174
430051868
430415154
430422751
430489232
430621432
430635231
430688906
430764601
430768586
430812007
430987176
431045435
431103441
431171880
431197721
431242363
431245433
431263982
431337906
431559120
431660640
431742205
431959043
431960410
432018987
432374052
432520449
432609863
432761068
433018564
433342162
433385240
433508472
433701716
434071553
434093209
434227424
434344755
434537877
434548787
434969423
435128407
435244397
435358351
435654227
435664423
435702871
435715511
435786775
435903228
436081761
436192950
436313644
436323200
436389837
436401795
436405787
436478442
436490842
436514151
436564871
436645756
436844665
436888119
437097813
437099903
437203336
437226319
437383322
437398677
437558040
437768027
438001678
438215440
438359516
438367308
438509542
438625216
438660971
438750881
438757340
439134552
439301593
439404985
439412016
439422006
439465800
439667528
439954961
439995063
440137213
440245747
440517309
440729607
440979363
440995275
441320306
441320361
441419493
441666562
441669262
441720437
441788078
441826949
442080390
442209253
442269963
442371986
442381641
442396098
442588235
442807622
442944677
443053347
443304548
443318446
443369552
443564964
443675775
444220798
444509249
444654142
445024963
445423006
445606067
446162242
447193243
447826050
448091816
448098353
448588942
448623160
448687777
448836631
448840288
449135926
449241469
449309316
449335977
449477540
449671981
449988279
449992926
450434621
450529919
450674846
450846201
450893202
450933492
450996112
451335621
451401411
451879039
451904274
452087005
452136333
452247590
452417814
452720126
452940387
452989588
452998991
453434412
453513586
453594352
453611709
453668234
453822041
453822383
454055214
454071590
454119544
454139659
454166937
454244006
454387829
454507578
454678096
454713010
454725355
454743347
454794898
455123299
455135699
455318797
455455924
455774061
455811698
455910159
456019563
456093998
456240423
456248254
456375599
456384590
456446956
456460819
456716949
456778126
456852211
456911631
457015452
457078949
457094024
457097047
457381237
457900650
470135783
470469798
470497408
470592121
470673207
470944352
470988811
471054884
471079450
471167238
471193818
471371086
471578583
471600093
471650838
471697687
471884192
471938978
471942437
472103518
472140134
472338820
472355767
472440232
472590761
472633237
472810310
472983181
472990183
472998947
473205249
473362657
473391847
473418887
473471940
473499417
473575271
473616423
473641288
473880281
473892199
473917946
473924487
473999029
474023336
474159454
474305349
474432212
474465244
474645340
474712276
474749772
474860641
475103897
475165459
475337046
475358005
475365527
475477265
475488156
475489624
475535854
475603937
475665347
475682225
475721311
475738254
475811683
475827191
475837123
475848850
475978346
476096514
476182195
476193414
476222679
476261718
476262509
476329328
476418915
476517747
476522176
476593723
476635302
476659607
476756552
476765953
476813118
476852415
476883695
476978382
476981697
477009083
477049148
477054424
477085679
477137557
477161436
477200687
477314765
477442518
477444841
477478508
477495873
477504117
477552422
477578389
477716337
477744832
477795235
477823519
477824004
477838291
477885044
478008180
478040728
478203765
478372903
478446454
478606797
478649796
478685586
478713784
478758031
478825162
478832880
478862983
478884082
479027582
479124589
479212197
479231691
479262234
479454547
479466027
479727293
479856947
480062822
480101197
480191286
480215126
480224790
480230361
480402668
480464099
480472954
480496535
480522853
480862447
480938499
481006576
481107906
481442535
481493427
481511746
481532126
481657665
481697161
481714507
481723550
481725983
481752698
481833162
481835208
481918875
481947394
482086110
482092112
482103459
482232215
482351758
482493534
482519815
482558687
482611441
482984586
483021601
483126182
483151392
483158245
483197057
483351078
483352881
483494805
483635513
483759533
483894066
483972017
483991450
484142529
484416563
484418594
484426804
484558093
484568329
484657463
484755625
484831506
484891054
484974208
484987843
485002227
485004593
485139166
485357768
485385726
485397945
485562593
485692808
485709459
485769951
485828229
485858861
486152968
486252047
486274279
486279256
486482226
486581627
486650594
486685128
486698175
486700427
486729242
486729999
486785435
486885855
487061662
487101247
487428909
487490807
487652762
487804302
487861629
487926562
488081674
488322174
488346821
488583177
488605220
488611377
488629862
488699427
488935332
488963418
489111611
489119859
489143951
489166176
489169614
489201195
489373838
489434028
489506708
489607145
490046262
490075858
490097018
490161885
490202213
490223817
490395518
490581929
490724565
490825945
490871610
490958406
491026842
491073725
491092390
491120214
491184684
491302255
491331506
491349702
491512772
491516376
491670805
491864132
491872504
491935393
491958547
492009992
492014058
492076806
492364273
492476946
492517845
492570375
492636883
492884103
493032225
493060549
493147674
493223272
493297029
493333340
493488176
493551263
493567359
493608330
493938112
494318649
494474985
494688024
494755856
494769676
494870992
494943799
495286092
495444954
495465616
495501444
495675911
495703600
495719724
495765010
495904891
495912444
495994995
496053466
496218976
496610844
496698525
496701783
496739484
496839797
496993429
497233860
497267577
497327730
497358930
497501005
497502943
497513971
497746792
497819036
497848200
497996384
498063221
498121958
498196547
498211971
498408073
498419414
498453546
498797220
498866577
499200780
499474476
499517106
499664601
499796231
499865783
500106415
500117584
500214232
500357471
500458699
500465136
500516348
500523434
500716143
501070115
501169009
501220957
501269399
501292532
501409212
501539663
501551293
501575022
501597352
501599816
501794864
501846990
501875011
501984074
502497898
502662461
503098513
503108428
503113936
503199264
503251704
503710931
503844577
503851541
503944491
503981548
504047526
504133796
504136221
504171460
504266833
504267502
504279644
504291797
504337272
504411817
504431880
504500706
504572190
504597852
504598268
504717245
504772482
504803660
505014532
505019690
505095368
505134045
505137432
505379154
505559885
505567559
505860775
505897140
506130155
506145923
506230813
506362466
506451771
506696450
506820948
506826355
506918162
506998155
507058110
507141213
507244649
507430554
507464908
507517772
507585917
507643586
507746563
507924634
507974534
508083056
508218188
508231319
508457325
508521897
508529834
508657496
508893189
508924679
509074686
509109331
509188067
509267745
509338609
509733753
509867227
509881987
509899937
509951338
509992092
510020533
510114093
510135454
510136020
510222655
510268551
510340705
510373434
510597716
510865862
511278363
511426119
511460996
511573394
511684498
511762879
511960876
511977027
511996102
512024897
512075392
512099584
512132350
512140266
512345396
512368520
512470394
512515680
512792788
512804934
512811704
512819164
512950709
512994487
513134624
513236166
513351238
513429873
513448871
513458976
513500970
513946693
514168053
514265447
514278978
514410797
514432651
514447735
514675405
515089655
515521076
515880331
515901931
515987224
516009498
516058470
516119657
516458025
516498138
516677548
516748883
516808832
517378496
517679403
517705620
517750201
517761519
517776759
517822413
517847004
517911792
517916782
517949385
517984804
518016051
518113460
518200871
518387268
518526742
518607681
518668173
518721537
519050724
519058009
519103177
519154115
519440690
519482811
519533643
519548462
519610302
519646500
519704229
520056839
520072402
520113629
520151000
520366589
520407926
520422288
520760492
520765405
520832399
520984231
521041866
521079951
521274299
521306548
521943865
522181000
522260650
522285257
522845321
523178876
523216563
523233069
523241800
523395952
523486570
523671452
523737722
523871200
524090351
524090811
524144878
524222835
524311762
524359386
524588379
524651565
524683704
524848984
524888163
525050149
525112806
525176909
525420901
525474809
525647027
525664299
525678532
525744495
525834594
526011416
526091679
526187741
526332947
526632923
526711436
526947724
527024111
527200883
527235073
527312072
527400713
527599457
527617580
527617766
528969996
530560566
531291581
531614945
531792851
532708605
532730801
533548407
533853324
535119156
535160423
535511342
535780591
536013609
537707329
538009098
539766221
539826745
539987523
541348872
542393138
543104505
543533543
543719636
544108973
544178052
544235738
544256176
544279624
544392679
544446941
544494149
544520734
544577958
544646948
545096419
545418969
545776385
546042104
546197685
546428261
546689744
546787066
546883075
547209979
547421618
547461095
547768283
548021411
548199109
548541092
548624375
548837546
549223489
549413056
549455852
550027420
550283344
550389586
550596518
550973140
551059234
552110739
552136675
552155124
552361029
552601798
553234297
553381119
554583431
554684123
554724928
556992499
557712370
558261463
558267657
558273791
558275243
560891740
562284063
563535063
564558898
565099230
565714482
566237455
567428128
568205538
568421856
569419534
569727225
569860031
570023462
571190628
571630486
572229969
572565734
572663248
573466075
573864715
573917614
574025263
574284221
574573713
575659694
575662300
576557128
577946483
578616193
581630887
581842197
583277130
583896060
584433239
584780750
584933315
585151344
586173092
586563848
586607728
586656910
586867241
587108080
587323634
587711372
587933823
587940019
588057081
588090902
588181837
588334449
588523504
588782228
589017985
589246154
589334739
589387348
589458757
589750322
589866327
589932895
590110642
590206861
590435255
590492209
590571830
591080058
591083993
591286139
591812322
592177856
592617750
593790228
593944708
594378899
594848947
595150598
595486271
596230189
596515884
597035651
597871503
598247025
598349192
598568989
598753136
599147189
599404443
599574736
600319070
600355626
601355891
601587205
602097357
602101691
602405353
602632306
603262838
603306526
603780737
604403694
604755469
606225108
606665543
607134336
607894022
607946808
607961752
608165510
608178131
608350020
608459254
609551197
610000318
610751435
611150139
611895868
612403331
613264470
613341040
614156963
614246189
614594813
615678170
615950742
616116240
617377172
618272001
618652165
619353592
619523180
619737545
619848872
620001945
620300412
620300438
621059000
621177939
622446101
623681145
625969727
625980839
626115685
626167339
626764737
626785804
626844220
626950825
626988600
627027395
627048746
627129253
627215388
627228971
627288059
627359091
627497867
627711997
627773532
627807279
628433592
628503371
628553373
628586051
628641334
628730511
628858608
628936765
628998992
629122513
629273788
629289308
629496958
629505022
629675718
629693149
629697888
629923042
629993719
630317886
630366565
630414213
630415519
630429806
630604028
630656286
630779273
630892795
630949291
631067484
631102367
631122972
631432768
631510240
632021597
633067491
634404927
634972116
635349486
636925385
636951618
637051355
637811083
638617454
638670998
639345904
639651935
640009488
644234315
645806311
646093520
646103963
646106479
646236847
646338364
646436460
646520247
646580875
646603067
646665258
646777619
647311325
647668399
647947027
648233760
648620172
648902322
648948798
649180336
649211053
649601789
649619888
649967107
649969298
650041117
650249284
650307441
650416294
650555490
650710335
650955840
650965769
651057138
651071607
651140336
651231792
651490096
651629745
652014626
652213676
652354673
652371260
652608305
660375319
660391125
660480605
660526055
660664152
660708080
660780516
660800458
661123220
661127037
661133402
661185985
661307805
661340648
661867965
662209517
662452346
663081878
666641279
666653700
666667134
667348747
667809761
667820916
667868535
667911226
667956528
668042621
668081958
668124304
668362989
668620505
668939291
669621124
669666129
669719474
669826491
670120447
670139268
670158805
670196177
670312418
670447822
670474352
670576286
670615984
670729540
670734811
670947747
670982890
671011914
671119846
671312576
671346960
671536101
671569953
671574558
671683267
671743926
672119665
672387914
672514010
672549919
672621938
672643044
672669317
672801912
672876475
673022828
673510797
673562180
673746167
673772891
673936708
674183217
674198839
674267598
674702481
674759443
674819103
675042602
675365231
676192210
676281824
676579489
676640561
676762688
676801913
677347281
677417467
677607964
677662290
677819610
677942562
678135044
678141951
678236695
678477301
678538978
678704678
678764209
679287684
679315117
679380483
679389808
685010058
686489473
686997307
687016645
687050552
687585552
687826139
688181650
688199658
688334143
688358307
688362807
688653302
688853567
688937677
688938773
689143848
689251837
689451679
689493044
689795093
689826730
690442488
690501729
690518154
690538724
690583396
690658713
690708426
690764409
690909622
690922277
690989928
691059352
691840910
691875016
691995515
692033321
692065939
692545859
692820680
693018773
693140002
693497168
693696018
693738279
693995000
694051855
694290800
694332791
694704492
694717034
694896485
695130104
695135691
695200716
695623317
695732298
695901648
695959758
695963385
696185421
696393696
696406691
696527627
696673810
696681962
696851761
697059685
697408401
697812672
697912284
698220279
698220524
698232803
698284510
698456941
698496378
698508345
698829947
699331783
699352139
699435052
699446908
699687891
699773819
699810083
699974107
700128728
700237024
700365223
700879517
701111662
701120871
701263825
701319218
701366210
701417323
701508915
701555613
701739084
701797172
701929651
701953720
702095354
702171972
702197273
702216605
702446282
702449290
702459205
702518106
702520897
702524581
702680199
702705099
702847933
702861982
702895309
702912500
702966176
703150614
1000107093
1001953396
1002674906
1003949111
1005531085
1005699628
1006040773
1006429423
1006955656
1007827516
1008114749
1008200911
1008658247
1008875820
1009830441
1010412556
1010431446
1010789137
1010938153
1011161305
1012187455
1013334156
1013421645
1013984698
1014155607
1014714882
1014925801
1015189077
1015849062
1016752324
1018413936
1018895938
1018917914
1019204541
1019345032
1021420108
1021872599
1022519817
1023337878
1023807890
1024453118
1025371100
1028039756
1029988524
1031867694
1034293883
1035011206
1035948036
1036195206
1036886954
1039451749
1039979664
1040426590
1040787758
1042452707
1044293959
1044905425
1045163630
1047164874
1047258386
1050140860
1050746502
1051081518
1051718791
1051851310
1053035207
1053820687
1055165685
1057530955
1058342455
1058429320
1058548964
1059157036
1061478190
1062329905
1062508745
1063244268
1064632881
1067099565
1067975373
1070166221
1070183673
1070939948
1071248136
1071330299
1071859125
1073320056
1074007970
1074889076
1076438937
1077431296
1078213387
1078569922
1079279240
1081015479
1082624073
1083107648
1084176009
1084915223
1086131171
1087012487
1087284116
1087541079
1089266254
1090481758
1091449520
1091848749
1091880705
1091951593
1092406610
1092472871
1093097194
1094473369
1094524316
1096739134
1097415526
1097572027
1098825970
1099112937
1100378595
1100572545
1102161117
1102877216
1103376757
1104342106
1106081020
1106674584
1107000417
1107687676
1107933758
1108171391
1108750191
1109739441
1110292415
1112739426
1112768065
1113063066
1113091575
1113443077
1113690430
1113951290
1115801577
1116237024
1117060638
1117361298
1117957058
1119232364
1119659209
1120204924
1120207655
1121309294
1121527028
1121709252
1123175324
1123353719
1124056308
1125101655
1125141803
1125333247
1128026704
1128336135
1128654951
1128735464
1128911014
1129946183
1131223483
1131796944
1132480616
1134143016
1134390293
1135673325
1135931803
1136505550
1136547124
1140300400
1141229631
1142301272
1144126517
1146493757
1146984304
1147282560
1148870898
1148998212
1148999737
1150673145
1158477412
1159327661
1160184510
1160583194
1161797248
1161842993
1163788489
1168463199
1168580794
1169553130
1169602635
1170716494
1171918692
1174710335
1174741116
1175187132
1176721876
1177647130
1178810469
1178852539
1179051399
1179073235
1180337470
1181629730
1182744481
1184829948
1185728113
1186686158
1187679344
1187697931
1189293352
1190641871
1191303719
1192352511
1193039702
1193227725
1193686429
1194332958
1194333829
1194404144
1196824493
1196830663
1196836021
1196946456
1200623284
1200967908
1201214699
1202420030
1202523923
1203953624
1205100433
1205359727
1206821763
1207341754
1207604768
1207628928
1208258756
1208381197
1208585953
1208745069
1209328676
1209657421
1213086837
1213292936
1213515708
1215131207
1215311455
1215789146
1216760097
1217274698
1219700402
1219853710
1220614276
1220932867
1221001267
1221354466
1221448855
1221943669
1223984345
1225208483
1225262599
1225328878
1226270967
1226654835
1226821409
1227719836
1228508257
1229473010
1229778208
1230001297
1231917681
1232250408
1232396049
1233043232
1233130531
1235091923
1235323200
1235331250
1236879268
1236929479
1237547179
1238761974
1238865397
1239163811
1240820724
1242689114
1242773998
1242850946
1243207764
1243729465
1245299639
1245877636
1246288579
1247364413
1247614550
1247635179
1247821024
1247947594
1248493239
1249551855
1249683342
1250366923
1250904812
1250987174
1251436673
1251692119
1251931485
1252182044
1252200910
1252236955
1253038810
1255412502
1255535013
1257143720
1257324597
1257441006
1258808578
1259019801
1259285366
1259989837
1260955612
1262339292
1262940139
1263732318
1263979427
1264396927
1265006074
1265058592
1265783615
1266038369
1267970936
1268700692
1269404298
1269746702
1270266820
1270546456
1272574279
1273881569
1273979497
1274196447
1275301046
1276209871
1277937147
1278360528
1278778777
1280304053
1280678321
1282277858
1282393865
1284654308
1284890253
1285943451
1287265307
1287931078
1288921655
1289702538
1291453747
1293408878
1293650984
1293719173
1296520863
1298051220
1298263595
1298287280
1299050649
1300400307
1301174043
1302193014
1302342417
1303165612
1303692759
1304211529
1304925987
1305390360
1306408960
1306676879
1306878778
1308255733
1309465465
1309809859
1309857118
1310181218
1310588787
1310720775
1311510938
1312094396
1312143103
1313406627
1313680040
1314721686
1315528887
1315617756
1316718383
1316724204
1317243548
1318827396
1319927604
1319978496
1320846271
1321853782
1322200149
1323279595
1324192091
1324681200
1325438947
1325620821
1326028695
1327273071
1327690765
1327956746
1328909141
1329519165
1329675712
1332048492
1332441411
1333225226
1333306489
1334078880
1334332471
1337647843
1337867023
1337913409
1338117157
1338434540
1339419375
1342192990
1342309313
1342752753
1345088078
1345561283
1345822031
1346471442
1346634918
1346643253
1346912029
1347635824
1347704571
1348493849
1349318784
1350046252
1350783638
1351389564
1352088750
1352141457
1352318009
1355217944
1355796275
1356723413
1357480541
1359494715
1359617656
1359762361
1362270842
1363730466
1365120658
1366253017
1366686442
1366725836
1366800658
1367129550
1367254725
1367331399
1368397383
1368656825
1369455595
1370419067
1370601948
1370774960
1370946656
1371951753
1372305490
1374183598
1374263942
1374838305
1375870424
1376232402
1377579149
1377763127
1378828430
1379505104
1381842377
1382478721
1382541082
1383562734
1383971575
1384014720
1386130301
1386848535
1387500152
1388206207
1388316054
1388579516
1390074280
1390195713
1393144937
1393613175
1395006385
1396285389
1396889965
1398239855
1399418383
1400052766
1400615553
1400746306
1401683445
1401713083
1401922965
1404111491
1404615234
1405406860
1405792731
1407615348
1407800109
1408058604
1410431816
1414017263
1414801976
1414809009
1415768688
1415792742
1416596961
1416739983
1417500500
1418693040
1418978853
1419180848
1419293690
1419455643
1420550056
1420766635
1421458749
1422756131
1423000153
1423093075
1423491932
1423495447
1423715869
1429435609
1429477507
1429659138
1429689152
1430855262
1431692001
1431922713
1431936394
1432384446
1433773888
1434278335
1434610738
1436327558
1437093569
1437194464
1437376051
1437616995
1437700400
1438856121
1438932157
1439125986
1439298359
1439694006
1440010549
1441642172
1442518065
1442971100
1443164929
1443701537
1444331462
1445385379
1445415888
1445501110
1445962065
1446645463
1447516391
1448239901
1448812662
1449004755
1449248782
1449403782
1451335816
1451915623
1451956925
1453604323
1454599713
1455342090
1455629481
1455830283
1456557620
1457039290
1457219856
1457299378
1457679318
1459649836
1460389182
1461721373
1461793520
1463025878
1463647847
1463777807
1464792731
1465082065
1465890409
1467462446
1469167806
1469377619
1470117294
1470775267
1472993769
1473875535
1474322814
1474519678
1474775234
1475115906
1475237921
1476863475
1477472694
1478139590
1478304094
1479950248
1482764937
1483361406
1483911634
1484897496
1485516475
1485807695
1486015404
1488201777
1488730185
1488999898
1489844247
1491535433
1491737971
1492953079
1494134646
1494601817
1494830986
1494992589
1495071788
1497199436
1497301060
1499364430
1500157667
1500701078
1500715173
1501267370
1501742169
1502338696
1503347312
1504028597
1505131072
1505412636
1507851390
1507976345
1508019301
1508494910
1509900580
1510069279
1510374749
1510464612
1510490164
1512006215
1512425963
1512626677
1512789282
1513966254
1514001625
1514574990
1514737294
1515506203
1515558298
1516003560
1516380539
1516402290
1516432976
1516593118
1517062084
1517230557
1517688398
1519166156
1519277289
1521207043
1522548253
1522751681
1522873906
1522920610
1522924254
1523286081
1523325263
1523872697
1524394346
1524776598
1524861059
1525228233
1526904344
1531172399
1531527365
1532564604
1533098312
1533309096
1533811887
1535291989
1535584096
1536302513
1537059289
1537410199
1538351336
1539344124
1539367392
1539427790
1539488101
1542707717
1542859953
1543256423
1543430434
1543975074
1545550709
1545819241
1545959895
1547209872
1548407982
1549087142
1550683204
1551100172
1551320126
1552368297
1553034341
1553979363
1554034888
1554260997
1555329173
1555608883
1556916514
1557955299
1558135268
1558805138
1558906069
1559067055
1559137887
1560166301
1561005148
1562024467
1562111129
1562532149
1563651544
1564059978
1566319743
1566459717
1566544897
1567010298
1567965061
1568521138
1568976882
1569851247
1569984283
1570599424
1571112734
1571503159
1571672821
1573746763
1574982183
1576046328
1576777976
1577154639
1578562795
1578748698
1580150589
1580414281
1581626077
1584908738
1585590617
1585673487
1586699715
1588737141
1589147820
1590561384
1590910897
1592162126
1592737380
1594108173
1594241434
1594822317
1595648353
1596439555
1597416834
1597842336
1599431096
1599482141
1600335427
1601119113
1601273487
1602720207
1602827292
1603079655
1603158566
1606198607
1606306337
1606856306
1608298785
1608931217
1609104359
1609749011
1610522938
1612301214
1612321744
1614379912
1615158157
1615643621
1616977257
1617012941
1619241699
1620645734
1622641903
1623902700
1624230571
1625275723
1626096951
1626807808
1626872569
1627050358
1627502546
1627604609
1627939672
1628067804
1629952987
1630057420
1631865661
1633044019
1634505913
1634534477
1634608996
1635979302
1636532185
1636991389
1637492600
1638549722
1638843755
1641033313
1641440606
1641862092
1641926040
1642203124
1642269842
1642848281
1644181887
1644217552
1644353482
1644485531
1645077760
1645141271
1645248737
1645759004
1646099786
1646111154
1647135547
1647614540
1648261677
1648915842
1648940529
1649051034
1649128647
1649618310
1651828551
1653423551
1653512184
1655404710
1656483293
1656948412
1657844969
1658390388
1660105717
1661224771
1662308347
1662761621
1663116986
1664475139
1666803037
1666898637
1666969818
1667231405
1668726656
1669940109
1669960670
1672423160
1673137188
1673270310
1674096604
1674357541
1674652294
1675845738
1675945529
1676634513
1678273430
1679147589
1679893982
1680019732
1680879686
1682245877
1682303345
1683761338
1683948833
1685901389
1686789318
1686810646
1686938016
1688839723
1689730798
1690566506
1690626876
1691416160
1691460528
1692088188
1692635408
1692911523
1695057173
1695106510
1695113093
1695305947
1695678709
1697314606
1697524382
1697764296
1698368980
1699154047
1700628789
1700695707
1700870123
1701939539
1703322556
1703749115
1703792812
1704488780
1707758518
1708961782
1710286158
1711964834
1712611692
1713972427
1714892160
1715293259
1716356395
1718036273
1719738629
1720895681
1721305913
1723165024
1723514795
1726651965
1729254173
1729680300
1729901418
1730936307
1733610246
1733902835
1733974596
1734036664
1734786500
1735266195
1735389328
1737931565
1738411638
1740534426
1741241018
1741747262
1742111435
1742240016
1742525320
1742789202
1743951869
1744518829
1744690409
1745063099
1746059659
1746225204
1747023837
1747443035
1747656416
1748355788
1748410220
1748659633
1749422703
1750110909
1751962757
1753525836
1754192699
1755780589
1756182512
1756446061
1757023141
1757211059
1757997372
1758406899
1758446326
1759356110
1760101500
1760642645
1761968584
1762051313
1762595670
1762704436
1762929788
1763219640
1763430663
1763705378
1764451784
1766029893
1766053018
1767060683
1767632729
1768127216
1768771351
1768791444
1769054225
1769512003
1769735523
1769891855
1769969060
1770480419
1771546744
1772239351
1773171387
1774133476
1774383973
1774956768
1776140160
1777035399
1777925895
1778593121
1778627491
1778849933
1778933085
1779224907
1780141565
1781644459
1781831829
1782326202
1782869465
1783525663
1784080499
1785383126
1786649014
1787671154
1788045547
1788510424
1789964937
1790505682
1791211025
1791243701
1791416103
1792578241
1793162510
1794009722
1794716086
1797081640
1797633067
1797887396
1797960752
1798365091
1798490150
1799234670
1799762339
1799868760
1799881145
1800757093
1800927180
1801118738
1801264522
1801646699
1801672578
1802161844
1802375738
1802870785
1803137378
1804047240
1804646989
1806055319
1806116311
1806589346
1807525783
1807668336
1808011736
1808212581
1808425509
1808439379
1808997455
1809694507
1809803819
1809876839
1811132172
1811258334
1812927093
1812952682
1813664766
1813744377
1814002734
1814046997
1816703734
1817499811
1817507669
1817562069
1817629412
1817693916
1818034471
1818254310
1819934386
1820939267
1820995521
1821274191
1821383341
1821748487
1823092041
1823103760
1823295434
1824005923
1824035753
1824836125
1826421788
1827857191
1829201698
1831685455
1833528803
1834463196
1834489172
1835462336
1835811329
1835846741
1835924200
1836307305
1836743966
1836835694
1836971137
1838028998
1839444715
1839719118
1840189938
1840367755
1841054577
1843292961
1844082846
1844100622
1844449668
1844485146
1844524350
1845082916
1845873528
1846299401
1846400567
1846660063
1847781844
1849222181
1850527381
1850950337
1852232167
1852821692
1852899869
1853128722
1854033460
1854074313
1856585105
1856630498
1857297765
1857810015
1858109830
1859315069
1859644749
1859692959
1859988338
1860438246
1860649144
1861580402
1861611258
1863795018
1864063405
1865229769
1866074305
1866571288
1866930528
1868337869
1868525031
1869025892
1869260804
1869619850
1870333651
1870653099
1870932042
1871651864
1872635786
1874178551
1875249797
1875716718
1877300575
1879195332
1879401896
1880837796
1880891433
1883233534
1883393842
1883460841
1883774886
1883801420
1884912507
1885477534
1885766700
1885983900
1889086069
1890171694
1891368884
1893224853
1894053910
1894762901
1895078636
1895366336
1896290187
1897892652
1898181068
1898312349
1898478422
1898631136
1899669680
1903405152
1905819862
1905829438
1906916658
1907029896
1907100547
1907416302
1908139594
1910842580
1911102616
1911190313
1912135960
1913621010
1915357345
1915454959
1915463546
1915667120
1916799964
1917550943
1917811486
1917814771
1920134470
1921556257
1921816918
1922596813
1922616758
1923206683
1923362469
1923506404
1924010168
1924115277
1924657398
1924852490
1925124263
1925270064
1925575156
1925973680
1926909848
1926910086
1927283153
1927530563
1927558024
1928170217
1928617046
1929455680
1930576789
1930592055
1931247582
1931552864
1931786054
1932398858
1933799500
1933957542
1933969988
1936591801
1937928977
1938443286
1938616426
1939162661
1939345794
1940286611
1940975593
1941335992
1942186269
1943315084
1945067278
1946019124
1946358131
1946644172
1946818645
1946827815
1949341426
1950207415
1951491796
1951740717
1952042737
1952089370
1952434134
1952560822
1952639482
1953487937
1954419232
1955613072
1957348692
1957516626
1958222330
1958882502
1959303625
1959473428
1959590051
1959987655
1960028030
1961327905
1961814081
1962200944
1962456121
1963975084
1964495580
1964838074
1965614308
1965826566
1965986957
1966515246
1966810724
1967504972
1968908095
1969959928
1970162367
1970858127
1972650155
1972694070
1972766037
1973567800
1973605537
1973793848
1973838434
1974965235
1975232793
1975545150
1975714934
1976800581
1978404981
1979280523
1979368245
1980350902
1982669004
1983370043
1984676350
1985404795
1985607006
1986027766
1987821339
1988056089
1988632480
1989119684
1989586750
1989752747
1990899424
1990999319
1991381964
1991968334
1992493384
1993344751
1993688663
1994088205
1994393712
1994574134
1994973202
1995759072
1996598585
1997026053
1997269997
1997896122
1999129595
1999211950
2000355434
2000554227
2000777236
2001452227
2002437143
2003177315
2004995629
2004997344
2005418089
2005504177
2006531328
2011245132
2011397598
2012249716
2012774777
2013166015
2013262956
2013472447
2014089256
2014767314
2016062580
2016403833
2018577789
2019265908
2019513191
2019891467
2021941762
2022717207
2023600257
2024129675
2025181194
2025332645
2026076975
2027164296
2028986267
2029994775
2030206870
2030895467
2031332207
2032031315
2032091372
2032231434
2032305224
2032592248
2033546390
2034379043
2035538011
2036324681
2036335520
2036668000
2037175432
2037518723
2041764309
2042007359
2043351943
2044340811
2045346478
2046001272
2047258572
2047421574
2048310354
2048846876
2049665046
2051955864
2052597102
2053026469
2054047405
2054324293
2054652228
2054784070
2054805406
2055466656
2056163051
2058438788
2059154681
2059591952
2060119506
2060449929
2061052300
2061069977
2061225712
2062734018
2065192001
2065386614
2066438567
2066513399
2066523956
2068119304
2068142672
2068665463
2069943991
2070448701
2070597592
2070790895
2071240723
2071375606
2071401109
2072056945
2072935255
2073115948
2073525215
2075270195
2075596077
2075963539
2076623457
2076925303
2079496233
2081849726
2082163818
2082743355
2082908761
2083325932
2084764972
2084802923
2086168524
2087519819
2087934626
2088555873
2088633457
2089206803
2089260516
2089371232
2090037995
2090262309
2090267841
2090911893
2091515148
2092147430
2092604260
2095653210
2096565829
2096958634
2097251823
2097627762
2099439037
2099549809
2100465753
2100778507
2100912863
2101551798
2101920347
2103595095
2106664182
2106739240
2107199203
2107872669
2109084213
2109087932
2109297126
2109934942
2110144722
2110237427
2112777963
2114784994
2114837308
2116600797
2118191140
2119755615
2119996374
2120792618
2120859055
2121414299
2121415314
2122782158
2123427480
2123460664
2125894940
2127014222
2127081277
2127186302
2127438281
2127831257
2128105132
2128380315
2129144725
2129182233
2130266557
2130847717
2131825150
2132892972
2133596528
2134025741
2136160318
2136858920
2137799577
2137805696
2138059163
2138397647
2138743889
2140383672
2141205047
2142330109
2143206026
2144121236
2144142100
2144451363
2144546480
2144655611
2146561140
2147241083
3461562079643728
3461562402605434
3461562444548872
3461562616514990
3461562784287651
3461563277118223
3461563321157977
3461563335837873
3461563365198568
3461563511998681
3461563979663729
3461563996440748
3461564566866496
3461564954839794
3461565372172426
3461565416213314
3461565634316979
3461566045358969
3461566343154162
3461566609492102
3461566938745289
3461567179917440
3461567295261194
3461568117344650
3461568155093534
3461568824084785
3461569098811822
3461569159628868
3461569535019604
3461569704888842
3461569885243744
3461570235467785
3461571179187114
3461571558771002
3461571852372915
3461571854469377
3461572095642517
3461572133390376
3461572240345185
3461572391340584
3461572403923638
3461572460546458
3461572865297020
3461572867393994
3461573158898378
3461573173578644
3461573477665034
3461573477665386
3461573477665510
3461573479762024
3461573559454301
3461573842569856
3461574517852841
3461574608029826
3461574815647972
3461574903728552
3461575195232512
3461575748881017
3461575801309611
3461576029898960
3461576122173674
3461576216545724
3461576268974366
3461576466106903
3461576841496633
3461576937965652
3461576961034753
3461576973617482
3461577005075187
3461577317550479
3461577393047747
3461577451768652
3461577495808203
3461577718106205
3461578405972251
3461578512927092
3461578928163066
3461579173529966
3461579400022318
3461579462937299
3461580557650422
3461580758976915
3461581182601717
3461581448940301
3461581599934613
3461582099057526
3461582140999908
3461582348618521
3461582451378465
3461582715619499
3461582843545922
3493074919492311
3493075307465312
3493075313756684
3493075630426761
3493076230211833
3493076358138645
3493076922272403
3493077148764351
3493077173930385
3493077341702909
3493077396228384
3493077723384625
3493078019083110
3493078142814454
3493078537079464
3493078734211310
3493079256402367
3493079499671831
3493079560489102
3493079564683380
3493079629695956
3493079688416010
3493079694707360
3493079698901810
3493079778593214
3493079851993833
3493079854090893
3493080101554503
3493080292395815
3493080403544941
3493080489527722
3493080604870981
3493080657299653
3493081018010133
3493081026399003
3493081053661259
3493081336776763
3493081512937491
3493081896716560
3493081923979647
3493081942854102
3493082054003196
3493082337118368
3493082532154175
3493082540542621
3493082976750539
3493083069024263
3493083350043248
3493083488455138
3493083773667979
3493084381841995
3493084637694225
3493084648179908
3493084935489908
3493085023570917
3493085075999557
3493085386377924
3493085661104696
3493085711435893
3493086164421203
3493086294444954
3493086430759142
3493086489479971
3493086715972475
3493086829218360
3493086873258541
3493086944561464
3493086980212931
3493086994893594
3493087003281661
3493087122820060
3493087384963847
3493087479335321
3493087542250371
3493088188172298
3493088909593572
3493088980896117
3493088987187744
3493089027033803
3493089104628641
3493089224165996
3493089360481054
3493089448560984
3493090054638000
3493090184661088
3493090518108598
3493090618771864
3493091178711870
3493091208071742
3493091484895251
3493091763817024
3493091774302795
3493092004989499
3493092369893993
3493092638329508
3493092669786205
3493092839656228
3493093015816507
3493093066148361
3493093246503392
3493093256989018
3493093500258348
3493093651253676
3493093961632142
3493094064392327
3493094131501125
3493094137792961
3493094246844903
3493094364285241
3493094492211351
3493094888573004
3493094909544955
3493094934710929
3493095347850214
3493095471581708
3493095700171527
3493095725337107
3493103939881333
3493104149596962
3493104468363389
3493104583706806
3493104768256629
3493104864725691
3493104925542936
3493105015720705
3493105024109383
3493105395305046
3493105407888156
3493105430956962
3493105485482206
3493105487579528
3493105500162502
3493105502259263
3493106280302691
3493106410326324
3493106473240703
3493106777327722
3493107475679639
3493107523914174
3493107677006293
3493108079659770
3493108627016207
3493108933200542
3493109128235641
3493109518305868
3493109935638556
3493110017428388
3493110657059511
3493111479143165
3493111682566838
3493112001333270
3493112529816139
3493112959732195
3493112968121081
3493113207195707
3493113236556639
3493113242847684
3493113251236833
3493113278499195
3493113288985319
3493113295276457
3493113404328238
3493113588877670
3493113590975284
3493113593071996
3493113595169092
3493113603558038
3493113609849535
3493113611946772
3493113624528913
3493113624529195
3493113624529420
3493113679055305
3493113683249260
3493113683249998
3493113693735698
3493113706318378
3493113708415113
3493113735678300
3493113739873084
3493113769232915
3493114247383999
3493114387893223
3493114452904573
3493114641647764
3493114740214677
3493114807323598
3493114811517455
3493114832489114
3493114918472542
3493115084147464
3493115795081296
3493115910425019
3493115952368271
3493116115945668
3493116118042775
3493116122237737
3493116124334669
3493116132723565
3493116139014559
3493116185151814
3493116413741231
3493116493433577
3493116833172396
3493116864628761
3493116946417753
3493117185493092
3493117311323008
3493117365848228
3493117552495361
3493117600729443
3493118282303938
3493119154719318
3493119517526322
3493119647549739
3493120056494935
3493120171837640
3493120320735310
3493120687737487
3493120750652351
3493120987630234
3493121472071996
3493122153646539
3493122159938063
3493122174617882
3493122180909066
3493122195589327
3493122210269751
3493122419984432
3493122610825896
3493122663254140
3493122728266253
3493122766015107
3493123221096734
3493123466463986
3493123579710242
3493123929934599
3493124907207566
3493125005773163
3493125114824726
3493125397940950
3493125542643790
3493125645404381
3493125670570763
3493125909645840
3493125928520011
3493126326979179
3493126410865252
3493126423448463
3493126750603953
3493127323126502
3493127419595567
3493127853705546
3493127878871602
3493128210221951
3493128814201170
3493129013430601
3493129227340510
3493129231534717
3493129369946141
3493129369947024
3493129529330479
3493129577564933
3493129686616338
3493129994898404
3493130001189389
3493130175252994
3493130600974863
3493130689055460
3493130695346452
3493130710026627
3493130724706772
3493131116874428
3493131332881048
3493131471292775
3493131475487259
3493131601316529
3493132073175255
3493132150770446
3493132190616156
3493132377262797
3493132593269233
3493132886870735
3493132888967187
3493132897355894
3493132903647446
3493132935105437
3493133136431947
3493133251774860
3493133415352762
3493133843172095
3493134117898967
3493134726072449
3493134782696037
3493134847707886
3493135023868651
3493135151794794
3493135388772690
3493135422327348
3493135430715939
3493135487339299
3493135527184550
3493136047278875
3493136458320608
3493136649161684
3493136676424261
3493136735144050
3493136930179681
3493136957442389
3493137787915140
3493137938909856
3493138056350480
3493138081516150
3493138477877433
3493138580637764
3493138677107539
3493138763090596
3493138786159529
3493138807130412
3493139190909356
3493139715197482
3493139757140469
3493139868289597
3493140197542592
3493140916865403
3493141093025814
3493141283867457
3493141483096779
3493141613119490
3493141650869130
3493141889944141
3493141963344270
3493142212905043
3493142693152918
3493142712027724
3493142978365737
3493143106291909
3493143982901418
3493144135994070
3493144177936514
3493144674962149
3493145058740749
3493145113266211
3493145171986899
3493145350245345
3493145354439306
3493145356536039
3493145358633321
3493145362827273
3493145369119248
3493145377507429
3493145381701757
3493145467685315
3493145469782131
3493145585125851
3493145809521521
3493145935350598
3493146000362103
3493146015041903
3493146019236023
3493146021333671
3493146126191061
3493146497387084
3493146528844381
3493146572884622
3493146604341767
3493256394443151
3493256644004247
3493256700627942
3493256780319337
3493256801291080
3493256910342973
3493256945994641
3493256979548226
3493257554168535
3493257619179741
3493257736620876
3493258067970585
3493258130884932
3493258388835176
3493258504177706
3493258841819717
3493258846013803
3493258873276557
3493258887957312
3493258948774604
3493259244472704
3493259640834400
3493259720526153
3493259877812841
3493259882006753
3493259886200931
3493260060264898
3493260513249994
3493260903320227
3493261276612859
3493261949798963
3493262142736534
3493262474087240
3493262769785350
3493262870449019
3493263151466828
3493263233256177
3493263394736796
3493263491205362
3493263539439771
3493263545731127
3493264036465093
3493264168586185
3493264176973961
3493264283928697
3493264839673971
3493265313630745
3493265728866710
3493265819044417
3493265823238709
3493265894541615
3493266009885268
3493267312216502
3493267693898594
3493268046219390
3493268119620537
3493268172048677
3493268333529612
3493268364987329
3493268669073829
3493269096893004
3493269514226066
3493269549877595
3493269898004991
3493270277589934
3493270881569050
3493270978038511
3493270992718702
3493271095478449
3493271223405039
3493271313582549
3493271328262579
3493271617670050
3493271852550243
3493272320215828
3493273056315682
3493273144396294
3493273198922470
3493273238768126
3493273521883466
3493274109085813
3493274224429955
3493275033930650
3493275119913925
3493275717601789
3493276160100564
3493276212529450
3493276308998772
3493276308998854
3493276743109365
3493277024127657
3493277493889570
3493278204823756
3493278632643508
3493278762666536
3493279253399562
3493279408589476
3493279790271263
3493280136301235
3493280234866932
3493280597674468
3493281382008953
3493281419757942
3493281423952494
3493281436535295
3493281715456951
3493282099234959
3493282168440993
3493282545928269
3493282661272246
3493282663369258
3493282665466293
3493282667563277
3493282669660201
3493282669660735
3493282671757737
3493282673854605
3493282673854925
3493282675952213
3493282675952290
3493282678049356
3493282682243203
3493282688535307
3493282696923151
3493282699020294
3493282699020780
3493282699020810
3493282699021011
3493282709506582
3493282795489300
3493282795489320
3493282858404572
3493283030370668
3493283229600468
3493283242183579
3493283590310858
3493283955214543
3493284016032100
3493284179609914
3493284416588211
3493284754229936
3493285106550825
3493285349821100
3493285880400043
3493286234818991
3493286861867756
3493286893324608
3493287128206251
3493287258229639
3493287440681394
3493287532955783
3493288747207245
3493288990476291
3493289688827966
3493290015984301
3493290196338887
3493290573826357
3493290934536234
3493290999548036
3493291148445792
3493291630790828
3493291676928760
3493292066998944
3493292217994108
3493292463360493
3493292511594611
3493292528371828
3493292557732561
3493292884888281
3493292914248050
3493292933122572
3493292983454271
3493293184780754
3493293262375250
3493293314804210
3493293457410479
3493293667125703
3493293889424088
3493294055098671
3493294203997083
3493294227065422
3493294369671429
3493294472431818
3493294587775785
3493294950582393
3493295105772212
3493295114160467
3493295313389834
3493295319681980
3493295359527650
3493296039004751
3493296246622876
3493296416492486
3493296622012515
3493296957556860
3493296980626236
3493297085483495
3493297272129759
3493297349725031
3493297460873227
3493297601382418
3493298037590865
3493298593335983
3493298700290893
3493299279104428
3494349482494772
3494349629294853
3494349757221103
3494349887245018
3494350191332067
3494350201818037
3494350700939675
3494350879197874
3494351202158943
3494351256685251
3494351399291484
3494351548188824
3494352261221047
3494352816965723
3494352831646474
3494353091693235
3494353175578702
3494353553066294
3494353645340838
3494353704061774
3494353733421701
3494353792142086
3494353878125052
3494353888611043
3494354272389954
3494354524048211
3494354696014271
3494354836523262
3494355052530035
3494355474057668
3494355778144610
3494355780241849
3494356046580056
3494356478593616
3494356480690251
3494356531022138
3494356551993513
3494356677822575
3494357206305529
3494357338425604
3494357374077350
3494358095497331
3494358105983557
3494359292971812
3494360425433592
3494360538679507
3494360635148940
3494360685480376
3494360828087115
3494360983275610
3494361035704533
3494361237031022
3494361557895571
3494361731958849
3494362002491718
3494362042337978
3494362052823433
3494362140904115
3494362143000928
3494362296092840
3494362522585232
3494362671483349
3494362746980414
3494362811992528
3494362944112642
3494363042678949
3494363520829707
3494363665533391
3494363676019564
3494363724254012
3494364147878231
3494364162558554
3494364191918089
3494364420508223
3494365060139456
3494365276145677
3494365630564411
3494365689285236
3494365867542553
3494366167435609
3494366442163059
3494366700112842
3494366890953047
3494367094376832
3494367591402143
3494367627053854
3494367706745594
3494368134564395
3494368235228051
3494368319113621
3494368434457101
3494368610617722
3494369325746989
3494369470450578
3494369527073543
3494369581598755
3494370122664796
3494370437236758
3494370881833335
3494371013954173
3494371171240026
3494371259320476
3494371578087774
3494371909437791
3494371995420997
3494372284827747
3494372389685805
3494372481960427
3494372605692357
3494372710550339
3494372716841228
3494373224352499
3494373387929665
3494373633296781
3494374077893480
3494374226791330
3494374279219707
3494374377785992
3494374581209867
3494374715427671
3494374728010197
3494375367641353
3494375573162361
3494375787072294
3494377286535906
3494377636759666
3494377672412114
3494377844377634
3494378081356107
3494378366569345
3494378423192482
3494378450455177
3494378658072843
3494379134126137
3494379392075825
3494379469670871
3494379641637622
3494379941530380
3494380308531490
3494380751030808
3494380751030915
3494380952356980
3536997232674833
3537104678161124
3537104831252620
3537104839641398
3537104934013779
3537105221323406
3537105584130177
3537106089544307
3537106123099087
3537106318133659
3537106410407993
3537106817256114
3537107003902809
3537107270240840
3537107366709279
3537107414944704
3537107450595786
3537107488344791
3537107601590520
3537108031507302
3537108065061219
3537108287359186
3537108450937317
3537108803258828
3537108841007492
3537108998294012
3537109621147834
3537109736491082
3537109746976946
3537109799406413
3537109853931639
3537110176893825
3537110443231874
3537110506145966
3537110715861501
3537110717958211
3537110722153380
3537110734735663
3537110936062118
3537111099640581
3537111145777682
3537111481322452
3537111607151550
3537111860906877
3537112391485825
3537112716544307
3537112892705216
3537113144363140
3537113523948171
3537113704302863
3537113897241496
3537113981126840
3537114167773550
3537114314574277
3537114910165887
3537115040188673
3537115172309919
3537115379928032
3537115398801410
3537115543505724
3537115675625852
3537116344617700
3537116384462977
3537116629830267
3537116818573529
3537116910848620
3537117449816297
3537117483371242
3537117527411275
3537117634366097
3537117753903648
3537117753904000
3537117768583792
3537117839887004
3537117938452969
3537118162848550
3537118248831145
3537118565501386
3537118573890235
3537118724885138
3537118775216354
3537119351933384
3537119421139084
3537119542774415
3537119848958937
3537120448744411
3537120509561411
3537120643779147
3537121073694869
3537121285507974
3537121304381932
3537121310673241
3537121570720009
3537121803504406
3537122042579905
3537122533312978
3537122684308005
3537123091155542
3537123198109880
3537123491711734
3537123512682828
3537123573500510
3537123806283889
3537123992930736
3537124385098568
3537124475276087
3537124674505701
3537124724837165
3537124764682868
3537125288970418
3537125318331191
3537125381245152
3537125563697574
3537125569988950
3546372923984076
3546373062396645
3546373156768206
3546373198710868
3546374264064079
3546374981290090
3546375476217955
3546375583172787
3546375597852938
3546375604144523
3546375767722450
3546376122141278
3546376537377634
3546376568834988
3546377311226239
3546377458027278
3546377619508013
3546377726462549
3546377835514847
3546377839708554
3546377869068732
3546377911011427
3546377957148827
3546378370287885
3546378433202266
3546378479340250
3546378498214289
3546378611460521
3546378665987010
3546378758260819
3546378917644575
3546378921839539
3546378974267738
3546379158816849
3546379196566237
3546379246897313
3546379320298252
3546379337075490
3546379358047026
3546379383212795
3546379420961484
3546379662134102
3546379840391308
3546380096244435
3546380205295738
3546380238850219
3546380305959609
3546380343708061
3546380396136493
3546380937201707
3546381117557376
3546381476170328
3546381895600551
3546382359071087
3546382449248931
3546382554106394
3546382562495346
3546382572980522
3546382990313796
3546383086782555
3546383105657763
3546383374093234
3546383518795985
3546383525087950
3546383527184526
3546383743191875
3546383959197858
3546384527526525
3546384689006867
3546384993093869
3546386576444197
3546386666621016
3546386704369962
3546387148966352
3546387417401977
3546387432081508
3546387524356197
3546387541134009
3546387587270698
3546387987827502
3546388010895775
3546388384188763
3546388503726456
3546388558252136
3546388608584498
3546388690372963
3546388723927300
3546388738607609
3546388740704590
3546388774259320
3546389166426398
3546389283867277
3546389323712911
3546389409696020
3546389455833465
3546389516650769
3546389697005835
3546390013676321
3546390254848661
3546390282111630
3546390554741502
3546390716221853
3546391215344035
3546391238413074
3546391441836116
3546391462808009
3546391586539901
3546391892723758
3546391949347188
3546392228268681
3546392536549972
3546393146821354
3546393283135626
3546393559959823
3546393604000610
3546393746606145
3546393748703645
3546393757092771
3546394090539448
3546394197494678
3546554742868114
3546554895960641
3546555395082480
3546555533494574
3546556053588121
3546556328315495
3546556363966630
3546556863089355
3546557685172790
3546557769059136
3546558425467650
3546558456924707
3546558693903035
3546558794566574
3546558823925771
3546559383865862
3546559524374812
3546559566318441
3546559685855381
3546559876696257
3546560027691333
3546560342264718
3546561023839139
3546561028033212
3546561399229213
3546561835436290
3546562003208995
3546562049345838
3546562309392477
3546562567342763
3546562682685755
3546562850458090
3546563066464365
3546563100019408
3546563104213507
3546563320219913
3546563641084378
3546563687222222
3546563792079214
3546563949366085
3546564008085544
3546564372990563
3546564649814343
3546564851141040
3546565220239368
3546565761304643
3546565924883292
3546566140889191
3546566354798763
3546566396741926
3546566396742061
3546566692440658
3546567329974488
3546567380306751
3546567401277883
3546567415957815
3546567596312977
3546567780862433
3546568196098857
3546568997210943
3546569286617491
3546569416640675
3546569529886836
3546569638939171
3546569999649765
3546570003843342
3546570056272121
3546570242918577
3546570769304130
3546571224385600
3546571228580212
3546571392158111
3546571603970641
3546571610262477
3546571610262499
3546571612358943
3546571614455844
3546571614456242
3546571616553296
3546571616553560
3546571616553702
3546571616553939
3546571618650345
3546571618650786
3546571687856791
3546572052761391
3546572149229791
3546572251990559
3546572337973298
3546572746918569
3546572749015343
3546572897913691
3546572950341811
3546573061491681
3546573430589753
3546573711608622
3546573933906534
3546573961169413
3546574126844111
3546574212827689
3546574649035332
3546574846167414
3546575053785324
3546575175420730
3546575190100425
3546575517256375
3546576077196093
3546576488237689
3546576549054936
3546576624552181
3546576639232703
3546576721021036
3546577478093452
3546577645865292
3546577868163535
3546578021256110
3546578329536684
3546578365188107
3546578581194962
3546578629430175
3546578864310371
3546579057248927
3546579086608893
3546579327781162
3546579447318916
3546579799640425
3546579891915472
3546580988725903
3546581078903033
3546581148109029
3546581487848193
3546581624162853
3546581775157586
3546581835975119
3546581882112105
3546581900986458
3546582511258431
3546582794373783
3546583071198048
3546583165569922
3546583457074063
3546583723411476
3546584163813690
3546584298032039
3546584782473583
3546585019451521
3546585264818629
3546585269012734
3546585281596296
3546585298373221
3546585300470036
3546585329830614
3546585520670905
3546585591974508
3546585617139904
3546585858312976
3546585910741657
3546585971559044
3546586462292453
3546586743310931
3546586858654212
3546587171130312
3546587668154833
3546587831732854
3546588152597451
3546588171471328
3546588502820911
3546588727216201
3546588729313417
3546588913862717
3546589096315524
3546589186492819
3546589484288053
3546589685615088
3546589710781291
3546589788375769
3546589844998161
3546589901622110
3546590065199951
3546590381869113
3546591365433478
3546591573051889
3546591587731546
3546591988288251
3546592453855547
3546592455953064
3546592801983106
3546592820857562
3546592944589017
3546592961366115
3546593106069663
3546593338854335
3546593546471922
3546593768769575
3546594316126453
3546594651671096
3546594764916874
3546595083684511
3546595402451586
3546595438103035
3546595517794785
3546596300032684
3546596430056254
3546596467804279
3546596564273629
3546596792862840
3546597415717466
3546597600266279
3546597759650480
3546598025988428
3546598212635370
3546598843878237
3546598892112246
3546598931957881
3546599068273006
3546599108119505
3546599217170510
3546599441566368
3546599542229868
3546599596755093
3546599793888005
3546599806471026
3546599957465665
3546600467073861
3546600666303341
3546600674691431
3546600689372021
3546600689372072
3546600842464125
3546600934738522
3546601565981126
3546602289498698
3546602513893469
3546602664888424
3546602746678026
3546602849438557
3546602870410115
3546603111582111
3546603128359414
3546603411474583
3546603663133206
3546603925277137
3546604206295382
3546604409719168
3546604720097904
3546604730583264
3546605133236914
3546605189860199
3546605508627346
3546605521210217
3546605686884879
3546606016137800
3546606234241769
3546606351682222
3546606813055869
3546606836124333
3546607008090795
3546607083588541
3546607169571416
3546607513504262
3546607666596420
3546607874213996
3546608148940855
3546608218146861
3546608725658371
3546609075882459
3546609654696343
3546610141235540
3546610160109913
3546610258676295
3546610296424882
3546610422253638
3546610422254227
3546610705370055
3546610759895717
3546610961222007
3546611057691312
3546611326126432
3546611571493565
3546611808471864
3546612083198569
3546612479560642
3546612611680692
3546613033207923
3546613626702304
3546613788183250
3546613849000561
3546614268430437
3546614339733995
3546614589294752
3546616084564193
3546616732584435
3546617825200280
3546617862949729
3546618326420285
3546618565495053
3546618710199233
3546618867485541
3546619110754467
3546619257555314
3546619330955769
3546619517602317
3546619744094591
3546619970586805
3546620366949065
3546620490680366
3546620775893292
3546621270821087
3546621472147915
3546622453615524
3546622495558134
3546623124703361
3546623676254899
3546623936301884
3546624523503930
3546624550767340
3546625129581357
3546625876167130
3546626188643300
3546626427718118
3546626721319010
3546628344515077
3546629260970757
3546629416159633
3546629439227924
3546629659429403
3546629749606699
3546630150162451
3546630368266853
3546630494096282
3546631351831010
3546631685277759
3546631733512420
3546631861439294
3546632517847284
3546632635288537
3546633396554622
3546633604172373
3546634109585935
3546634499656357
3546634604514077
3546634742926267
3546634879240467
3546635355293890
3546635764238728
3546636225611997
3546636447910191
3546636928158188
3546637009947216
3546637135776163
3546637335005688
3546637802670351
3546638052231998
3546638324861465
3546638593296482
3546639799159678
3546640631728857
3546640631728887
3546641168599172
3546641256679441
3546641267165285
3546641325885974
3546641671915765
3546641676110477
3546641720150821
3546641952934017
3546641955031749
3546641973906280
3546642150066550
3546642458348411
3546642699520164
3546642712102965
3546642728880556
3546642798086394
3546642802281065
3546642846320740
3546642865195660
3546642869389511
3546642884070251
3546642970052886
3546643722930494
3546643980880535
3546644343687572
3546644597443168
3546644683426084
3546644832323881
3546645029456327
3546645081885105
3546645109148397
3546645314668933
3546645406943841
3546645444692885
3546645530675449
3546645635533007
3546645694253927
3546645727808002
3546646174501088
3546647034333896
3546647468444040
3546647516678813
3546648112269546
3546648191961809
3546648261167413
3546648424745074
3546648795941812
3546649028724755
3546649035016300
3546649299258053
3546649450252594
3546649578178885
3546649626413369
3546649947277621
3546650003900728
3546650127632762
3546650293307446
3546650714835452
3546651801159703
3546651828423154
3546652048624302
3546652285602532
3546652455471787
3546652459665986
3546652801501692
3546652849735984
3546652891679130
3546652937816455
3546653571156395
3546653585836709
3546653757803014
3546653845883064
3546653927672075
3546654221273630
3546654229661756
3546654303062235
3546654810573293
3546654900750625
3546655120951398
3546655452301641
3546656020629675
3546656102418585
3546656217762280
3546656624609947
3546656641387132
3546657077594472
3546657348126909
3546657780140907
3546657966787404
3546658224736265
3546658275068864
3546658799356346
3546658820328134
3546658830814170
3546659195718514
3546659451570931
3546659462056562
3546659510290889
3546659589983089
3546660196059535
3546660221225283
3546660393192001
3546660596616051
3546660670016266
3546660852467872
3546661045406020
3546661410310204
3546661622123472
3546661726980930
3546662628755952
3546662637144979
3546662729419379
3546662926551486
3546663031409372
3546663109004003
3546663517948264
3546663817841576
3546664243563031
3546664577010582
3546664665090775
3546664696547494
3546664878999902
3546664893680613
3546666323937790
3546666483321146
3546666632219456
3546666741271173
3546666774825447
3546666799991145
3546666799991333
3546667468982467
3546667833886861
3546667905190171
3546668314134714
3546668383341152
3546668473518568
3546668798576800
3546668804868277
3546668855200609
3546669064915344
3546669731809622
3546670046382355
3546670853786066
3546670952352229
3546671042529947
3546671233370908
3546671357102957
3546671629732223
3546671807990211
3546671904459647
3546672013511104
3546672554576229
3546672611199094
3546673273899312
3546673353590989
3546673368271122
3546674175674737
3546674546870932
3546674601396400
3546674674797189
3546675087935660
3546675362663147
3546675454937205
3546675658361197
3546675865979530
3546675954059630
3546676398655838
3546676541262001
3546676595787924
3546676662897504
3546676786629577
3546676801309084
3546677382219848
3546677728249981
3546677973617146
3546677998783159
3546678229469358
3546678432893218
3546678613248879
3546678722300350
3546678885878231
3546678984444525
3546679053650472
3546679162701840
3546679263365497
3546679282239568
3546679531801205
3546680347593399
3546680366467804
3546680521656483
3546680695720067
3546680767023783
3546680922212697
3546681685575993
3546682132269556
3546682534922647
3546682572671433
3546682794969968
3546683042433897
3546683180845086
3546683237468647
3546683333937734
3546683646412810
3546683914848793
3546684300724861
3546684369931016
3546684843886642
3546685705816559
3546686194453130
3546686406265535
3546686477568935
3546686523706141
3546686542580109
3546686704060513
3546686827793208
3546687003953449
3546687553407133
3546687620516602
3546687792483024
3546688063014973
3546688306285387
3546688560040366
3546688656509265
3546689029802547
3546689868663338
3546690063698873
3546690164362027
3546690265025418
3546690309064726
3546690982250818
3546691636562585
3546691764489014
3546691913386238
3546691974204204
3546692523658101
3546692630612485
3546692903242501
3546693425433236
3546693549164887
3546693727423207
3546694027316113
3546694140561776
3546694172019007
3546694331403210
3546694922800022
3546695080085570
3546695562430633
3546695587596619
3546695684065528
3546695692454389
3546695692454615
3546696000736084
3546696051067083
3546696183187600
3546696346765730
3546696428554974
3546696768293636
3546696780876413
3546696803945380
3546696889928059
3546696917191245
3546697336621601
3546697430993313
3546697489713440
3546697609250942
3546697741372026
3546698907388220
3546699828038172
3546699947575967
3546700065015868
3546700186651403
3546700190845418
3546700392172293
3546700446697669
3546700861933768
3546700897586065
3546701080038168
3546701241518140
3546701350570094
3546701356861712
3546701663046465
3546701795166433
3546701906315520
3546702313162960
3546702480935060
3546702644513205
3546702761954272
3546702791313781
3546702803896395
3546703500151547
3546703550482673
3546703764391966
3546704062188388
3546704232057575
3546704454355462
3546704733276676
3546704798288299
3546704919922881
3546704966060422
3546705064626648
3546705140123778
3546705280633215
3546705993664786
3546706058677174
3546706060773531
3546706255809026
3546706318723853
3546706450844488
3546706643781800
3546706845108671
3546706855594906
3546706884954634
3546706922703149
3546707008686921
3546707295995945
3546707342133294
3546707461671341
3546707570723355
3546707763660918
3546709481229166
3546709567212283
3546710330575321
3546710460598796
3546711158950104
3546711341402731
3546711546923094
3546711731472556
3546711871982473
3546711926508295
3546712052337633
3546712069114492
3546712979278770
3546713205770293
3546713652464346
3546713983814365
3546714134808621
3546714487130888
3546714656999919
3546714703137262
3546714929629978
3546715263076395
3546715317603170
3546715848182573
3546715942554028
3546715976108629
3546716666071727
3546716968061005
3546717230205480
3546717347645957
3546717408463653
3546717651733103
3546717840477116
3546718213769505
3546718270392822
3546718322821306
3546718465427737
3546718608034493
3546718836624148
3546718998104100
3546719117642433
3546719279122727
3546719530781312
3546719711136212
3546719958600254
3546720111692210
3546720564676837
3546720585648320
3546720635980102
3546720965233431
3546721038633196
3546721789413745
3546721808288108
3546722424850749
3546722703772542
3546722833795788
3546723383249286
3546723710405530
3546723966257240
3546724058532314
3546724278733044
3546724471670952
3546724584917053
3546724792535572
3546725058873478
3546725136468338
3546725264394390
3546725440555925
3546725874666083
3546726101158532
3546726361204753
3546726589795165
3546727122471414
3546727336381025
3546727978109300
3546728460454254
3546728735181282
3546729316092800
3546729490156323
3546729607596937
3546729615985314
3546729699871194
3546730012347331
3546730058483838
3546730391931165
3546730620520794
3546731140614821
3546732117887487
3546732216453902
3546733497813051
3546733854329113
3546734445726077
3546734563166977
3546734693190089
3546734802241788
3546734856767892
3546734900807997
3546735045511341
3546735272003741
3546735418804332
3546735452359184
3546735502691276
3546735506884660
3546736003910631
3546736438020969
3546736440117467
3546736605793213
3546736802924763
3546736949725698
3546736966503050
3546737046194610
3546737377544218
3546737429973985
3546737448847514
3546737520150858
3546737568385148
3546738226891335
3546738577115652
3546738644224258
3546739334187197
3546739334187696
3546739715868700
3546740267419875
3546740430998157
3546740441484034
3546740449871892
3546740561021066
3546740651198723
3546741106280765
3546741167098383
3546741582334006
3546743079701143
3546743100672467
3546743480257459
3546743731915683
3546743769664120
3546743830481773
3546744142956845
3546744650467465
3546744658856452
3546744704993411
3546745105549763
3546745271224856
3546745411733600
3546745411734273
3546745529174960
3546745564825851
3546745581603627
3546745663392023
3546746143640420
3546746563070575
3546746737134135
3546747037027234
3546747710212188
3546748083505439
3546748779760266
3546748865743533
3546749033515381
3546749129984953
3546749148858720
3546749375351647
3546749798975641
3546749945776310
3546750344235312
3546750948215542
3546751095016073
3546751153736444
3546751531223415
3546751793367094
3546751797561731
3546752118425740
3546752177146067
3546752233769615
3546752676268384
3546752877595486
3546752900663901
3546753093601809
3546753456409188
3546754230258373
3546754353990047
3546754557414170
3546754905540961
3546755106867310
3546755157199236
3546755687778720
3546755754887866
3546755796830239
3546755849259055
3546755912174002
3546755914271617
3546756090431561
3546756115598089
3546756451142162
3546756581165126
3546756688120155
3546756834921056
3546757287906221
3546757290003324
3546757451483286
3546757604576009
3546757652810174
3546758166612108
3546758275664565
3546758814632310
3546759041124851
3546759114524688
3546759127108411
3546759139690497
3546759364086658
3546759525567340
3546759542344347
3546759724796096
3546760058243958
3546760215529936
3546760391690922
3546760666417514
3546760718846265
3546761232648429
3546761306048533
3546761553512934
3546761731770950
3546762132327332
3546762224601822
3546762732112003
3546763080239710
3546763239622906
3546763308829511
3546763600333219
3546763797465122
3546764355307545
3546764357405092
3546764361599085
3546764514691424
3546764632131740
3546764678269913
3546764772641643
3546764856526910
3546764867013422
3546765133351450
3546765158517112
3546765401787315
3546765536004417
3546765538101786
3546765632473417
3546765783468634
3546765823314579
3546765892520156
3546765982698146
3546766089652428
3546766102235277
3546766425197117
3546766884473336
3546767006108549
3546767752694166
3546767782054008
3546767811414678
3546768042101621
3546768302147943
3546768329411459
3546768560098085
3546768677537856
3546768729966898
3546769096968987
3546769640131250
3546769916955300
3546770321705779
3546770382523287
3546770516740479
3546770537712185
3546770606917747
3546770982308716
3546771777129147
3546771819071774
3546772188170468
3546772295125736
3546772754401475
3546772754401630
3546772920076867
3546773006060415
3546773905738562
3546774104967196
3546774190950610
3546774268545139
3546774300002634
3546774335654805
3546774337751917
3546774341945382
3546774354528969
3546774482455227
3546774625061257
3546774822193160
3546775321315651
3546776034347640
3546776080484632
3546777355553716
3546777359747165
3546777468799365
3546777605114019
3546777701583475
3546777766595174
3546778158762872
3546778492209728
3546778559318268
3546778594969754
3546778995525712
3546779169589545
3546779249281118
3546779322682175
3546779341556575
3546779630962882
3546779842775137
3546779851164491
3546779993770606
3546780144765641
3546780260108691
3546780383841185
3546780568389957
3546780625013132
3546780866185696
3546781046540898
3546781159787369
3546781166078219
3546781285616451
3546781306588020
3546781405154084
3546781461776548
3546782336289305
3546782346775375
3546782623598812
3546782671833725
3546782824926028
3546783336631045
3546783607163216
3546783969970984
3546784190171546
3546784355846566
3546784748014164
3546784800443329
3546785310050462
3546785456851333
3546785542834517
3546785962265154
3546786020984860
3546786138425531
3546786297809429
3546786375404299
3546786438318173
3546786937440359
3546787069561561
3546787166030752
3546787270887781
3546787287665024
3546787312830663
3546787392522482
3546787845507234
3546787883256660
3546787998599264
3546788042639869
3546788241868981
3546788652910596
3546788797614934
3546788854238045
3546788871014757
3546788927638415
3546789003135679
3546789051369988
3546789271570447
3546789294639247
3546789336582427
3546789374331443
3546789632281405
3546789735041232
3546790102043048
3546790523570975
3546790846531935
3546790886378351
3546791295322994
3546791458900790
3546791622478543
3546791792347954
3546791939148170
3546792113212267
3546792304052691
3546792425687319
3546792876575007
3546792933198658
3546793067415921
3546793151302096
3546793495235196
3546793610578677
3546794157935010
3546794397010745
3546794883549910
3546794969533069
3546795068098741
3546795225385202
3546795416226118
3546795426711866
3546795506403836
3546795525277887
3546795990846162
3546796005526145
3546796162812632
3546796169103900
3546796192172601
3546796211046657
3546796471093659
3546796762598025
3546798910081425
3546799258208399
3546799325317343
3546799339997848
3546799763622101
3546800520693889
3546800591997446
3546800640231924
3546800669591969
3546800896084950
3546801353263804
3546801449732421
3546801460217922
3546801957242904
3546802095655063
3546802097752274
3546802380868151
3546802930321864
3546803163106071
3546803444123683
3546803882429262
3546803997772498
3546804012451860
3546804016646601
3546804018743884
3546804318636258
3546804392036424
3546804903741994
3546810681396125
3546810693978709
3546810974996944
3546810993871207
3546811010648815
3546811572685735
3546812044544202
3546812392671923
3546812505917741
3546812612872448
3546812705147144
3546812954708364
3546813007136949
3546813111994891
3546813135063172
3546813181201276
3546813462219503
3546814062004325
3546814494018423
3546814626138613
3546814668081409
3546814699538614
3546814703733667
3546814947003057
3546815062346624
3546815244798810
3546815725046449
3546816316442675
3546816415009107
3546816507284050
3546816521964273
3546816555518029
3546816557615870
3546816566004261
3546816624724224
3546816654084844
3546816677153397
3546816826051466
3546817002211458
3546817104972322
3546817281132567
3546817304201714
3546817631357834
3546817805421537
3546818054981639
3546818099021842
3546818424081366
3546819430713581
3546819541863216
3546819577514287
3546820032596006
3546820137453859
3546820338780553
3546820414278479
3546820609312945
3546820743531263
3546821060201334
3546821532060566
3546821664180557
3546821804689671
3546822146525827
3546822154913869
3546822282840381
3546822291229625
3546822599510527
3546822635162592
3546822874237029
3546823006357571
3546823251724552
3546823461440196
3546823660669447
3546823660669637
3546824046544972
3546824319175532
3546824673593980
3546825067858618
3546825229339386
3546825288059491
3546826259040922
3546826569419445
3546826634430968
3546826659596920
3546826787523068
3546826967877972
3546827018209564
3546827328587868
3546827490069020
3546827571857687
3546827909499460
3546827943053645
3546828075173902
3546828240849144
3546828425399083
3546828473633598
3546828599461897
3546828683348121
3546828907743942
3546828937104278
3546829119556201
3546829188761630
3546829543180956
3546829736118363
3546829931153611
3546829939542506
3546830023428102
3546830547717069
3546831195736187
3546831342537261
3546831680178441
3546831709539182
3546831761967721
3546831858436810
3546831950711232
3546831975877503
3546832454027268
3546832665840440
3546832802154622
3546833066396229
3546833133504703
3546833951394111
3546834494557017
3546835631213214
3546835786402257
3546835834636391
3546835964659792
3546836132432530
3546836925155948
3546837136967803
3546837814348039
3546837896136824
3546838070201282
3546838363802146
3546838412036426
3546838441396555
3546838869216197
3546838881798633
3546839074736762
3546839078931005
3546839215246200
3546839219440502
3546839414475106
3546839492069540
3546839741630614
3546839844391592
3546839936665936
3546839959735025
3546840985242414
3546841333369086
3546841440324048
3546841855560207
3546841979292402
3546841979292430
3546842038012029
3546842369362706
3546842734267148
3546843008994173
3546843185154666
3546844686715777
3546844883848131
3546845007580071
3546845179546246
3546846205053780
3546846492363425
3546846507043292
3546846683203921
3546846796450016
3546846913891159
3546846953736653
3546847094246088
3546847750654718
3546847870192172
3546848000215137
3546848086199170
3546848698567218
3546848719538504
3546848899893398
3546849369656116
3546849388530289
3546849610828158
3546849640188896
3546849774406060
3546849820543049
3546849944275679
3546849952664500
3546850407745665
3546850455980766
3546850455980966
3546850470660259
3546850485341131
3546850556644254
3546850596490079
3546850646821440
3546850661501497
3546850682472579
3546850841856044
3546850875410642
3546850885896381
3546851135457418
3546851223537848
3546851254995154
3546851263384211
3546851364047364
3546851647162369
3546851772992161
3546851775089540
3546851783477355
3546851798157862
3546852028844128
3546852110633916
3546852184033679
3546852437788779
3546852697835700
3546852697836055
3546853050157159
3546853054352249
3546853071128797
3546853182277691
3546853190667180
3546853295523850
3546853425547926
3546853490559686
3546853522016500
3546853526211523
3546853555571357
3546853601708929
3546853610097001
3546853620582968
3546853746412371
3546854402820756
3546854451055200
3546854459443486
3546854511872297
3546854637702116
3546854784502390
3546855048743220
3546855096977901
3546855134726619
3546855151504200
3546855243778803
3546855308790318
3546855740804013
3546855786941227
3546855807912648
3546856156039768
3546856300743410
3546856323811530
3546856353171470
3546856445446437
3546856644676195
3546856843905655
3546856862779841
3546856864876807
3546857292695647
3546857351416375
3546857431108237
3546857437400002
3546857913453028
3546858058156498
3546858093808231
3546858299328638
3546858334980245
3546858420964223
3546858746022101
3546858938960738
3546859089955107
3546859398236177
3546859498899683
3546859834444260
3546859849124764
3546860002216201
3546860050451051
3546860071422249
3546860375509699
3546860564252710
3546860675402024
3546860903991576
3546861375850622
3546861449251811
3546861451348399
3546861543622665
3546861543623272
3546861562497875
3546861604440783
3546861696715566
3546862078396925
3546862114048845
3546862262945916
3546862317472423
3546862334249121
3546862546061854
3546862768360186
3546863846295999
3546863932279450
3546864200714609
3546864282503373
3546864345418534
3546864381069735
3546864555132966
3546864601270901
3546864739682489
3546864748070972
3546864823568721
3546864867608947
3546864980855033
3546864999729289
3546865056352691
3546865121364152
3546865414965958
3546865419160291
3546865471588822
3546865712761102
3546865815521742
3546866000071211
3546866081860285
3546866381752712
3546866400626766
3546866474027301
3546866574690999
3546866612439605
3546866796989271
3546866947984197
3546867598100750
3546867826690052
3546867935742615
3546867983976821
3546868294355070
3546868529236605
3546868573276532
3546868759923528
3546868768311309
3546868787185895
3546868858489020
3546869003193108
3546869099661884
3546869114342237
3546869116438769
3546869261142830
3546869433109072
3546869479246721
3546869504412248
3546869657504545
3546869663795579
3546869798013390
3546870223735633
3546870286650017
3546870508947961
3546870576057007
3546870712371356
3546870825617497
3546871131801625
3546871180036260
3546871746267733
3546871972760226
3546872039868419
3546872104880217
3546872171989074
3546872201349752
3546872459299413
3546872465590283
3546872549476681
3546872597711810
3546872899701415
3546872964712849
3546872964713197
3546872966809990
3546873071668010
3546873369462975
3546873428183748
3546873484806365
3546873495292742
3546873749047779
3546873814059114
3546873965054045
3546874548062485
3546874571131332
3546874610977729
3546874613074039
3546874655017775
3546874747292319
3546874793429765
3546874799721288
3546874829080926
3546875007338658
3546875380631600
3546875445643904
3546875957348853
3546876093663806
3546876137704148
3546876504705673
3546876603272165
3546876796209584
3546876815084451
3546876892678826
3546876896873225
3546877062547821
3546877133850967
3546877133851449
3546877192571872
3546877320497667
3546877358246441
3546877366635014
3546877419063536
3546877519727215
3546877630876021
3546877662333647
3546877725247869
3546877890923115
3546877987391749
3546878048209832
3546878213884490
3546878884973119
3546879216322950
3546879388289513
3546879631559416
3546879748999283
3546879780456738
3546879811914230
3546879839176882
3546879927257698
3546880019532556
3546880132778254
3546880168430395
3546880212470086
3546880296356795
3546880409602716
3546880468322797
3546880480905493
3546880520751199
3546880539625826
3546880577374788
3546880667552393
3546880678038315
3546880709495270
3546880757729345
3546880789186918
3546881217005595
3546881500121619
3546881550452910
3546881577716302
3546881722419607
3546881810499777
3546881825179756
3546882181696168
3546882200570173
3546882422868714
3546882638875523
3546882651458453
3546882655652422
3546882691304068
3546882718566882
3546882741635124
3546882758412450
3546882762607426
3546882859076464
3546883240757893
3546883377072259
3546883484027160
3546883798600217
3546883802794336
3546883903457885
3546883911846134
3546883985246614
3546884037675866
3546884106881650
3546884140436206
3546884144629872
3546884218030801
3546884262071064
3546884320791207
3546884356442334
3546884431939719
3546884434037350
3546884513729242
3546884855564531
3546884926867880
3546885136583427
3546885220469005
3546885551818976
3546885755242510
3546885769922801
3546885904141134
3546886011095055
3546886170478926
3546886231296419
3546886321473868
3546886564743699
3546886776556242
3546886784945011
3546886814304437
3546886969494164
3546887003048874
3546887082739816
3546887160335136
3546887391021116
3546887546210614
3546887648970802
3546887678331425
3546887755925718
3546887820937678
3546887862880684
3546888387168896
3546888567523964
3546888737393194
3546889041480004
3546889209252414
3546889240709849
3546889276361220
3546889297333044
3546889383316162
3546889540602204
3546889674820161
3546889718860276
3546889953741527
3546890178136305
3546890341714232
3546890413017283
3546890536749084
3546890744367425
3546890805185433
3546890878584958
3546890882779454
3546891109272086
3546891172186632
3546891199449574
3546891274946563
3546891327375621
3546891392387798
3546891904092579
3546891948133270
3546891987978321
3546892021533185
3546892046698700
3546892203985295
3546892476615618
3546892535335016
3546892745050659
3546892770216076
3546893091080676
3546893095274556
3546893212715159
3546893277727501
3546893397265210
3546893399362169
3546893416138963
3546893518900033
3546894049479041
3546894057868162
3546894169017031
3546894269680262
3546894340983199
3546894433257485
3546894544406751
3546894580058827
3546894739442121
3546895179843683
3546895303576247
3546895362296723
3546895572011715
3546895628635035
3546895783824164
3546896127757107
3546896259877267
3546896314403349
3546896394094773
3546896488467033
3546896490564028
3546896907897631
3546896985492087
3546897014851772
3546897084058408
3546897142778127
3546897482517226
3546897549625499
3546897675454618
3546897757244181
3546897860004492
3546897925016493
3546897962765093
3546898065525306
3546898076010972
3546898459789450
3546898763876905
3546898822597125
3546899065866427
3546899067964187
3546899764218077
3546899793578567
3546899829229737
3546899917310179
3546900110248588
3546900152190978
3546900194134513
3546900401752178
3546900408044019
3546900680673806
3546900907166640
3546900961691814
3546900970081230
3546901005732629
3546901077035985
3546901089618780
3546901093812625
3546901435648259
3546901441939596
3546901462911551
3546901532117447
3546901616003095
3546901666334921
3546901773290242
3546901909604860
3546902068988407
3546902071085528
3546902503098563
3546902532458623
3546902566013273
3546902595373652
3546902956083991
3546902960277757
3546903010609184
3546903169992997
3546903274850489
3546903274850905
3546903461497651
3546903553772287
3546903583131744
3546904101128943
3546904205985971
3546904247929538
3546904270998385
3546904333912996
3546904428284717
3546904566696709
3546904623319385
3546904935795625
3546904967252374
3546905090984501
3546905120344097
3546905170675810
3546905254562737
3546905407654281
3546905457986027
3546905460083460
3546905499928963
3546905533483262
3546906261195537
3546906718374833
3546906791774466
3546907026655822
3546907076987409
3546907318159603
3546907372685698
3546907500611968
3546907844544843
3546907966180206
3546908035385691
3546908234614846
3546908748417787
3546909209791012
3546910176578489
3546910323379046
3546910388390304
3546910545676837
3546910681991826
3546910719740611
3546910923164641
3546911009147328
3546911281777055
3546911330011323
3546911782996926
3546911957059800
3546912254855444
3546912271632876
3546912273729920
3546912275827683
3546912332450526
3546912355519395
3546912382782105
3546912519096391
3546912525388671
3546912529582094
3546912537971473
3546912661703185
3546912688966515
3546912718326328
3546912825281377
3546912850446632
3546913062259090
3546913066453234
3546913068550564
3546913072744819
3546913158728665
3546913303431611
3546913710279347
3546913890634447
3546913922091414
3546914320550016
3546914494614312
3546914523974415
3546914618346236
3546914685454915
3546914897266873
3546915075524812
3546915094399864
3546915270560581
3546915299919926
3546915501247247
3546915614493343
3546915882928342
3546915882928705
3546915901802792
3546915962620875
3546915985689255
3546916094741175
3546916203792659
3546916279290088
3546916470130947
3546916589668889
3546916623223083
3546916730178157
3546916732275613
3546916916824409
3546916956670764
3546917015390630
3546917113956531
3546917166386078
3546917271242953
3546917449500698
3546917707450387
3546917776656673
3546917812308770
3546917967497221
3546918019926685
3546918416288420
3546918602934648
3546918900729948
3546918907022013
3546918963644950
3546919016073473
3546919141902757
3546919418727011
3546919439698267
3546919607470922
3546919697648462
3546919706036822
3546919852837798
3546919873808793
3546919903169021
3546920129661294
3546920190478641
3546920247101852
3546920440039486
3546920576354803
3546920662338523
3546920748321234
3546921025145078
3546921088059805
3546921331329840
3546921385854988
3546921603958821
3546921622834096
3546921822062833
3546921922726725
3546922157607079
3546922394585094
3546922579134701
3546922870638870
3546923122297679
3546923277486884
3546923617224811
3546923757734705
3546923764025680
3546923820648580
3546924007295380
3546924472863345
3546924584012085
3546924852447420
3546925250906743
3546925586450810
3546925626296831
3546926064601135
3546926406437108
3546926957988483
3546927310309767
3546927626980206
3546927926872650
3546927993981913
3546928134490298
3546928136587890
3546928350497151
3546928421800282
3546928467937799
3546928499395473
3546928597961552
3546928759442103
3546929080306024
3546929132735127
3546929673799854
3546929994664372
3546930049189889
3546930070162000
3546930135173158
3546930193894369
3546930533632974
3546930573478450
3546930588158310
3546931005491430
3546931395562231
3546931863226995
3546931911461541
3546931936627382
3546931953404652
3546932010027692
3546932140050699
3546932163119154
3546932276365900
3546932349765693
3546932565772301
3546932725156061
3546933578697396
3546934035876202
3546934222522866
3546934310602879
3546934333672251
3546934386100779
3546934428043360
3546934568552588
3546934627273459
3546934677604437
3546934746810421
3546934761491116
3546934771976769
3546934841182485
3546934971206090
3546935545826103
3546935562603392
3546935583574173
3546935965256585
3546936109959554
3546936130930969
3546936143514387
3546936237885460
3546936330160791
3546936338549276
3546936349034616
3546936359521234
3546936372103951
3546936451795823
3546936474863926
3546936479058881
3546936726522052
3546936728619434
3546937116592211
3546937160633083
3546937636686006
3546937783487203
3546937785584104
3546937800263891
3546938542655996
3546938714621964
3546938827868243
3546938850937691
3546939100498310
3546939236812805
3546939251493597
3546939404585532
3546939696089841
3546939813530544
3546939826112556
3546939874347056
3546939884833578
3546939889027353
3546940098742666
3546940163754522
3546940759345977
3546940769831791
3546940774025251
3546941447211326
3546941466086333
3546941520611988
3546942260906816
3546942602742028
3546942739056654
3546943248665029
3546943278025187
3546943435311150
3546943921851116
3546944066553980
3546944427264481
3546944444041798
3546944477595772
3546944477595999
3546944523733391
3546944580356153
3546944643271406
3546944769100098
3546944794265858
3546944924289246
3546944997690285
3546945517783565
3546946090306220
3546946186775289
3546946415364411
3546946432141758
3546946553776648
3546946757200252
3546946935457988
3546947413608867
3546947575090140
3546947587672108
3546947889662790
3546948051143282
3546948109863517
3546948518807966
3546948543973590
3546948650928480
3546948785145938
3546948831283611
3546948957112566
3546949114399650
3546949269588737
3546949653367522
3546949976328750
3546949995203043
3546950121032142
3546950523685000
3546950546754211
3546950752275422
3546950775343972
3546950911658124
3546951008127689
3546951133956114
3546951620496134
3546951679216022
3546951777782407
3546951880542712
3546951882639911
3546952090257427
3546952193018479
3546952383859506
3546952585185966
3546952589379699
3546952589379958
3546952601962875
3546952780220538
3546952834747066
3546952916535783
3546953098988203
3546953143028492
3546953388394699
3546953621178705
3546953753299305
3546953860254640
3546953900099928
3546953914780594
3546954076260479
3546954134981392
3546954137078521
3546954164341451
3546954168535749
3546954252421397
3546954564897564
3546954573286279
3546954850109508
3546954902539152
3546955806411529
3546956288756255
3546956299241520
3546956496374439
3546956500568652
3546956559288540
3546956567677255
3546956638980994
3546956834015289
3546956928387557
3546956928387665
3546956943067879
3546957085674024
3546957159074324
3546957232474219
3546957400246397
3546957417023834
3546957572213314
3546957698042829
3546957712722698
3546957834357701
3546957876299953
3546958174095624
3546958216038898
3546958266370724
3546958346062646
3546958453016756
3546958631275065
3546958685800721
3546958736133020
3546958843087622
3546959191214249
3546959256225817
3546959455455833
3546959459649720
3546959465941464
3546959795193973
3546960053143908
3546960160099290
3546960514517058
3546961212868701
3546961267394691
3546961745545914
3546962253056678
3546962435509169
3546962500520358
3546962594891791
3546962794121813
3546963683313980
3546963723159966
3546963939167147
3546964088064014
3546964578797573
3546964580894790
3546964725598700
3546964851427924
3546965149223084
3546965157612439
3546965205846709
3546965558168517
3546965874838367
3546965895809407
3546965956626619
3546966107621593
3546966602549708
3546967059728807
3546967149906826
3546967172974702
3546967206529216
3546967453993264
3546967479159025
3546967936337993
3546967938435622
3546968164927565
3546968171219914
3546968359963184
3546968515152045
3546968517249133
3546968536123811
3546968540317706
3546968752130478
3546968953456844
3546969194629650
3546969798609798
3546969834260639
3546969926535527
3546969932826827
3546970052364725
3546970108987939
3546970312411531
3546970348062917
3546970362743513
3546970505349354
3546970683607530
3546970723452998
3546970733939158
3546970780076960
3546970815727771
3546970847185632
3546970966722727
3546971035929452
3546971140786794
3546971172243533
3546971193215645
3546971373570814
3546971442776246
3546971595868714
3546971623131146
3546971637811641
3546971732183754
3546971767834720
3546971853818517
3546972078213718
3546972237597002
3546972340357323
3546972524907165
3546972952725898
3546973240035507
3546973391030373
3546973667854806
3546973722381143
3546973814655774
3546973911124592
3546974403954805
3546974468967109
3546974831774430
3546974926146321
3546974963895110
3546975005837811
3546975041489689
3546975481891290
3546975532223073
3546975590942923
3546975716772239
3546975861475621
3546975895030153
3546976272517835
3546976354306383
3546976566119154
3546976666782049
3546976792611530
3546976912148777
3546976939412245
3546976985549785
3546977023298141
3546977033783395
3546977067338355
3546977109281120
3546977178486806
3546977180584423
3546977337870474
3546977897810338
3546977914587600
3546977960725027
3546978015250708
3546978071874085
3546978130594032
3546978292074696
3546978434681667
3546978476623904
3546978636008111
3546978887665919
3546978893957472
3546979003009501
3546979013495698
3546979042855616
3546979044952900
3546979122547497
3546979300804642
3546979386788256
3546979644737740
3546980261300340
3546980485696283
3546980521347493
3546980590553909
3546980678633603
3546980682828439
3546980978526943
3546981026761632
3546981114841979
3546981165173635
3546981379082631
3546981387471059
3546981456677265
3546981664294989
3546981743986703
3546982134057658
3546982180194875
3546982215846578
3546982253595224
3546982371036074
3546982406687145
3546982503155890
3546982696094611
3546982863866348
3546982876449419
3546982949849287
3546982970820731
3546983172148088
3546983243450617
3546983396543107
3546983432194406
3546983453165873
3546983635618274
3546983662880910
3546983667075409
3546983711115497
3546983786613287
3546983918734194
3546983969065564
3546983990037001
3546984050854243
3546984245889145
3546984300415362
3546984447215796
3546984451410107
3546984463992849
3546984478672936
3546984489159086
3632287757371643
3632287769954640
3632299327359641
3632299356719752
3632299734207255
3632300050877263
3632300055070774
3632300076043081
3632300076043175
3632300717770875
3632300969429222
3632301229475889
3632301397248347
3632301565020505
3632301703433036
3632302347258011
3632302429046860
3632302447921215
3632302554875952
3632302634568267
3632302796048876
3632302817020626
3632303225964926
3632303687338223
3632303892859378
3632303983037177
3632304016591129
3632304079506189
3632304329066961
3632304551365123
3632304672999593
3632304675096826
3632304886909382
3632305140665026
3632305193093338
3632305211967832
3632305325214417
3632305354573966
3632305367157179
3632305692216156
3632305753033673
3632305828530747
3632305914514299
3632306088577834
3632306285709633
3632306289903980
3632306298292442
3632306463967567
3632306679973973
3632306768055103
3632306856135053
3632307202165141
3632307269274252
3632307271371714
3632307367839794
3632307447532143
3632307558681553
3632307671927754
3632307703384839
3632307711773594
3632307804048026
3632307976014533
3632307994888259
3632308089260993
3632308202506401
3632308223478619
3632308236060797
3632308292684571
3632308376570667
3632308389153305
3632308412222360
3632308701629215
3632308758251872
3632308814875493
3632308926024521
3632309473381038
3632309708261939
3632309758593796
3632309821507712
3632310205287064
3632310442264583
3632310448556790
3632310500984882
3632310607939658
3632310645688825
3632310696020844
3632310714894448
3632310874278192
3632310874278550
3632311069313348
3632311069313861
3632311073507923
3632311365011901
3632311419537798
3632311436315224
3632311467772824
3632312054975044
3632312109501396
3632312126277653
3632312388422440
3632312480696595
3632312505863142
3632312700898106
3632312782686289
3632312820435134
3632312881253195
3632312887543996
3632312891738352
3632312910613174
3632312933681153
3632312948361519
3632312977721387
3632313286003342
3632313625741992
3632313801902780
3632314003228794
3632314139543752
3632314147932731
3632314162612500
3632314252790277
3632314449922253
3632314452020104
3632314475088080
3632314535906178
3632314628180071
3632315131497387
3632315741768158
3632315817265493
3632315836139794
3632316016495522
3632316664514797
3632316706457816
3632316729527102
3632316813412594
3632316891007507
3632316962310587
3632317463529613
3632317851503560
3632318019274808
3632318069607001
3632318101064576
3632318254156481
3632318572923088
3632318654712087
3632318767958382
3632318843455947
3632318856038402
3632318872815749
3632318927341750
3632318969285603
3632318986062353
3632318998644991
3632319105600268
3632319113988564
3632319155932055
3632319212555150
3632319258691710
3632319283858137
3632319302732221
3632319342578006
3632319388715172
3632319403395283
3632319405492620
3632319407590125
3632319409686565
3632319409687127
3632319411783828
3632319411784240
3632319428561261
3632319527127733
3632319573265138
3632319818631748
3632319906712455
3632320061901670
3632320183536074
3690970059115416
3690970222693147
3690970723912419
3690970839255125
3690970877004619
3690971002833850
3690971040581981
3690971254491721
3690971309017807
3690971504052826
3690971556481286
3690971797654334
3690971810236869
3690971816528162
3690971845888726
3690971850082412
3690971885734806
3690971971717584
3690972105935218
3690972108032198
3690972112226863
3690972166752298
3690972221278736
3690972275804481
3690972305164922
3690972347107609
3690972466645255
3690972695234765
3690973097888005
3690973311797421
3690973313894494
3690973557164325
3690973724936349
3690973852862751
3690974148561000
3690974234544265
3690974266002095
3690974666557829
3690974760929732
3690974874175500
3690974874176158
3690975027267836
3690975301994920
3690975432018906
3690975538972878
3690975689968093
3690975866129223
3690975929043617
3690975952111944
3690975977277754
3690976195381803
3690976272976329
3690976598034697
3690976874859342
3690976879053064
3690977126517221
3690977202015106
3690977210403228
3690977520781594
3690977585793264
3690977589987645
3690977694845701
3690977726302550
3690977921337916
3690978139441402
3690978164607402
3690978433042614
3690978468694794
3690978472889042
3690978735032342
3690978745518546
3690978833598506
3690978934261848
3690978940554015
3690978951039870
3690978953136330
3690979068480025
3690979158657761
3690979190114698
3690979448064721
3690979764734638
3690979871688983
3690980138027629
3690980351936726
3690980393879616
3690980542777446
3690980624567157
3690980721035865
3690980855253725
3690980920265533
3690981004150931
3690981448747071
3690981553605029
3690981555702368
3690981587159483
3690981610228077
3690981668948742
3690981775903506
3690981792680121
3690981798971706
3690981826235352
3690981866081023
3690981899634798
3690981935286361
3690981970938295
3690982050630007
3690982228887660
3690982247762567
3690982302287984
3690982369397547
3690982604278530
3690982730107706
3690982868519450
3690983011126078
3690983122274980
3690983225035502
3690983262784317
3690983562676814
3690983751420475
3690983753517892
3690983938067210
3690983977912556
3690984204405282
3690984330234757
3690984351205921
3690984376371258
3690984718207313
3690984948894685
3690984976156692
3690985051654830
3690985068432011
3690985278146967
3690985408170188
3690985521416502
3690985531902610
3690985552874137
3690985682896968
3690985848572830
3690985859058305
3690985865349239
3690985957624082
3690986085551050
3690986217670669
3690986339306303
3690986454649454
3690986557409477
3690986666461241
3690986794387946
3690986880370963
3690986966354634
3690986972645965
3690986981034346
3690987104766594
3690987146709581
3690987389978827
3690987509516349
3690987524196758
3690987570333739
3690987616471909
3690987645831725
3690987647929096
3690987683580389
3690987842964339
3690988004444600
3690988031707270
3690988176410914
3690988384029456
3690988417583256
3690988423874622
3690988432263931
3690988717475939
3690988788779467
3690988792973739
3690988792974147
3690988797168183
3690988799265038
3690988799265346
3690988813945123
3690988925094141
3690989260638263
3690989495520168
3690989885589648
3690989891881031
3690990019807977
3690990032390487
3690990122568348
3690990294534488
3690990374226335
3690990384711779
3690990416169432
3690990460209228
3690990464404386
3690990613301782
3690990636369984
3690990663632958
3690990732839751
3690990755908147
3690990760101914
3690990858668737
3690990860765385
3690990902708225
3690990923679866
3690990978205709
3690991020148767
3690991152269977
3690991162755978
3690991175338409
3690991240350516
3690991299070538
3690991385053286
3690991466842439
3690991466842525
3690991466842543
3690991466842643
3690991466842915
3690991468940186
3690991475231225
3690991481523128
3690991508785518
3690991634614563
3690991640906150
3690991703820407
3690991754152439
3690991773026347
3690991791901302
3690991793997830
3690992098085329
3690992119057271
3690992125347867
3690992129542797
3690992135834375
3690992194554767
3690992299412240
3690992356035382
3690992502835741
3690992502836150
3690992551070248
3690992563653508
3690992565749848
3690992708356808
3690992857254854
3690993008249026
3690993117301124
3690993182313352
3690993201186889
3690993203284327
3690993259907095
3690993431874238
3690993433971198
3690993450748096
3690993522051663
3690993629006820
3690993985522632
3690993989716408
3690994023271233
3690994381884346
3690994505616002
3690994673388293
3690994895686384
3690994962795318
3690995357059976
3690995367544913
3690995411585255
3690995591940659
3690995881347897
3690996124617186
3690996172852111
3690996275612536
3690996541950497
3690996757957558
3690996812482982
3690997001227097
3690997003323698
3690997108181564
3690997112375507
3690997143832664
3690997219330712
3690997225622130
3690997234010594
3690997452114047
3690997452114404
3690997536000577
3690997661829695
3690997676509821
3690997691189678
3690997909293081
3690997993179960
3690998072871160
3690998110620263
3690998114814336
3690998139980623
3690998234351962
3690998389541456
3690998425193001
3690998446164021
3690998492301868
3690998504884562
3690998546827503
3690998647490774
3690998806874615
3690998884469307
3690998884469421
3690998884469523
3690998955772860
3690999001909872
3690999140321554
3690999266151158
3690999324871429
3690999335356888
3690999341648497
3690999354231435
3690999446506127
3690999494740216
3690999530392038
3690999809313453
3690999828187949
3690999842867806
3691000035806155
3691000046291427
3691000128080604
3691000365058496
3691000771905949
3691000797072183
3691000908220922
3691001088575795
3691001210210771
3691001247959185
3691001262639981
3691001357011816
3691001432509254
3691001591892018
3691001593989131
3691001893882795
3691001919047751
3691002076334967
3691002120374951
3691002323798164
3691002533513571
3691002609010863
3691002904709779
3691002936166514
3691003005372954
3691003171047815
3691003282196766
3691003481426160
3691003949091805
3691003953285563
3691004106377622
3691004116863231
3691004152515555
3691004238498349
3691005083650971
3691005108816339
3691005236742957
3691005366765583
3691005521955543
3691005712795847
3691005886859730
3691005922511571
3691006096575374
3691006163683444
3691006186752498
3691006203529412
3691006285318782
3691006566337165
3691006572628293
3691006704749178
3691006721526643
3691006732011875
3691006830577857
3691006857841379
3691006895590175
3691007281465353
3691007384225882
3691007617010520
3691007713479523
3691007715576360
3691007801559449
3691007906417400
3691007973525527
3691007981914641
3691007988206543
3691008105646566
3691008137103910
3691008147589763
3691008158075180
3691008160172787
3691008294390281
3691008594282544
3691008816581002
3691009078725173
3691009093405010
3691009504446696
3691009542195611
3691009785465083
3691009856768997
3691009993083150
3691010051803324
3691010064386948
3691010129397766
3691010158758289
3691011427535033
3691011536587633
3691011704359696
3691011763079245
3691011779857008
3691011926657680
3691012100720745
3691012136372935
3691012786489833
3691012836821092
3691012838918347
3691012855695463
3691012855696077
3691012874570433
3691012994107995
3691013019273900
3691013113645463
3706923325065338
3706923373299851
3706923394271736
3706923421534403
3706923425729136
3706923870324890
3706923979377243
3706924042291562
3706924061166404
3706924098915081
3706924128274674
3706924136663511
3706924193286726
3706924335892943
3706924509956526
3706924738546471
3706924845501265
3706924862277908
3706924992301880
3706925113936165
3706925311068512
3706925311068520
3706925829065123
3706926114277660
3706926183484347
3706926844086513
3706926852475876
3706926904903791
3706927129299678
3706927387249344
3706927389346651
3706927494203991
3706927510980646
3706927515175600
3706927569701735
3706927626324681
3706928209332319
3706928398076666
3706928475671095
3706928488253731
3706928880420983
3706928999959096
3706929205479966
3706929574578196
3706929694116100
3706929727670320
3706929763322620
3706929843013868
3706930633640251
3706930870618112
3706930935629974
3706930990156503
3706931061459283
3706931067750862
3706931151636937
3706931151637220
3706931623495976
3706931952749049
3706932418316498
3706932879689758
3706933192165705
3706933257178075
3706933448018581
3706933609499420
3706934240741813
3706934435777189
3706934628714898
3706935274637402
3706935538878764
3706935966697970
3706936000251980
3706936209967571
3706936228841549
3706936312727640
3706937514396474
3706937659099243
3706937789123091
3706937799608667
3706937862523343
3706938026100898
3706938149833503
3706938453920663
3706938462308964
3706938892224769
3706938959333867
3706938965625504
3706938978208350
3706938994985170
3706939020151155
3706939066288671
3706939101939718
3706939162757206
3706939225671819
3706939332626914
3706939380861260
3706939393444247
3706939464747463
3706939531856601
3706939775125838
3706939882080325
3706939928218250
3706940253276439
3706940309899817
3706940314093767
3706940362328234
3706940483963853
3706940521712320
3706940794342121
3706940955822665
3706941060679685
3706941064874706
3706941066971140
3706941066971557
3706941066971949
3706941211675183
3706941335406988
3706941375252565
3706941448653240
3706941505276458
3706941595453916
3706941897443377
3706942031661211
3706942205724774
3706942228793687
3706942239279303
3706942478355210
3706942549658155
3706942591600918
3706942652418549
3706942706944762
3706942784539250
3706942826482514
3706943252203703
3706943289952840
3706943325604811
3706943344478777
3706943392713322
3706943491278946
3706943654856732
3706943680023107
3706943883446892
3706943889738311
3706943891835363
3706943914903851
3706943917000899
3706943942167442
3706943952652471
3706943988304156
3706944019761496
3706944049121378
3706944065898548
3706944384665912
3706944430803447
3706944437094719
3706944445483805
3706944537758086
3706944579700861
3706944602770329
3706944625838826
3706944646810028
3706944655198895
3706944688752717
3706944791513955
3706944799902055
3706944839747658
3706944961382960
3706944992840110
3706945015908813
3706945051560843
3706945055754924
3706945066240740
3706945208847306
3706945313704664
3706945544391211
3706945844283495
3706945875741654
3706946175633614
3706946307754351
3706946355989180
3706946391640170
3706946496498063
3706946538440990
3706946569898508
3706946586675230
3706946599258178
3706946695727638
3706946754447804
3706946756545045
3706946838334410
3706946863499361
3706946936900312
3706946955774614
3706946993523283
3706947058534887
3706947113060393
3706947171780683
3706947322776021
3706947333261730
3706947368913417
3706947412953624
3706947614280661
3706947691875042
3706947696069058
3706947706555255
3706947727526475
3706947786246835
3706947907881377
3706948121790642
3706948155345460
3706948216162764
3706948285369285
3706948375546098
3706948381837645
3706948400712312
3706948430072551
3706948434266781
3706948436363880
3706948446849040
3706948451044101
3706948568483884
3706948572678589
3706948648176157
3706948679633172
3706948681730318
3706948711090878
3706948729964880
3706948740450749
3706948746742117
3706948818045348
3706948818045363
3706948885154612
3706948889348744
3706949044537849
3706949271030296
3706949350722002
3706949747083529
3706949751278217
3706949782735702
3706949998742262
3706950097307716
3706950122474285
3706950172805785
3706950183291686
3706950325897678
3706950365743169
3706950376229074
3706950378326912
3706950539807050
3706950659345202
3706950711773660
3706951030540950
3706951160563853
3706951177341067
3706951208798638
3706951223478613
3706951240255797
3706951317850129
3706951322045010
3706951343016015
3706951370279843
3706951391250816
3706951412222447
3706951422708021
3706951439485807
3706951473039434
3706951781321598
3706951787613159
3706951806487304
3706951884081615
3706952024590408
3706952039270633
3706952110574161
3706952221722814
3706952316095446
3706952332872516
3706952402077810
3706952420952215
3706952431438165
3706952444021680
3706952519518319
3706952565655689
3706952592919270
3706952595016176
3706952739719982
3706952846674219
3706952876034563
3706953060584033
3706953133984262
3706953163344132
3706953264007981
3706953878473395
3706954025273358
3706954096576789
3706954109160124
3706954165783104
3706954249669409
3706954425829726
3706954455190035
3706954524396088
3706954784442470
3706955088529572
3706955151444077
3706955157735469
3706955218552925
3706955252107829
3706955298244879
3706955665246209
3706955679926455
3706955682023580
3706955751229608
3706955778493280
3706955826727500
3706955872865106
3706955891739259
3706955895933727
3706955950459583
3706955990305068
3706956103551834
3706956162271321
3706956220992066
3706956239866286
3706956439096162
3706956445387157
3706956623644923
3706956718016796
3706956764154625
3706956866915253
3706956902566824
3706956904663634
3706956940314900
3706957028395410
3706957040978814
3706957139544512
3706957194070110
3706957240208016
3706957372328923
3706957670124454
3706957722553261
3706957831604897
3706957884033687
3706958217480600
3706958309754976
3706958431390272
3706958515275815
3706958620134335
3706958714505243
3706958909540516
3706959115062076
3706959291222894
3706959295417318
3706959664515882
3706959851162142
3706959882619524
3706959943436579
3706960029419992
3706960033613930
3706960092335003
3706960134277716
3706960297855126
3706960306244514
3706960379643990
3706960400615467
3706960482404417
3706960488696433
3706960505474004
3706960545319173
3706960547416414
3706960608233796
3706960614525664
3706960761325653
3706960761326516
3706960933292473
3706960933292697
3706960960555486
3706961008789984
3706961061219037
3706961166076295
3706961172368151
3706961174464789
3706961184950568
3706961214310955
3706961342236705
3706961342237289
3706961432414265
3706961514203727
3706961770056123
3706961824582108
3706961908468008
3706961925245652
3706962048977726
3706962063657280
3706962153834900
3706962153835181
3706962353064734
3706962443241931
3706962474699627
3706962556488566
3706962579557320
3706962608916657
3706962789272368
3706963091262211
3706963185633935
3706963735087848
3706963779127607
3706964079020078
3706964148226231
3706964192266845
3706964204849885
3706964217432293
3706964414564694
3706964714457181
3706964800440920
3706964840286663
3706964871744123
3706964878035855
3706965515569239
3706965633010193
3706965637204948
3706965756742290
3706965905639449
3706966046148768
3706966408956639
3706966423636613
3706966541077103
3706966562048508
3706966585117602
3706966589311303
3706966595602580
3706966679488659
3706966773861150
3706967161833516
3706967218457432
3706967369451787
3706967382035184
3706967421880363
3706967421880434
3706967482697945
3706967491086536
3706967503670071
3706967570778633
3706967572875396
3706967598042066
3706967602235582
3706967606429954
3706967608527423
3706967797270551
3706967847602589
3706967931488370
3706967931489005
3706967933586196
3706968137009599
3706968397056784
3706968401251180
3706968449485037
3706968476748245
3706968675977725
3706969160419629
3706969393203920
3706969409981126
3706969420466746
3706969437244063
3706969500158400
3706969563073105
3706969617599171
3706969657444788
3706969703581899
3706969818925192
3706969823120224
3706969835702756
3706969835702946
3706969837800009
3706969839897045
3706969871354749
3706969902811379
3706969904909082
3706969904909114
3706969944754714
3706969995085906
3706970049612390
3706970185927014
3706970213189862
3706970290784401
3706970353699781
3706970368379378
3706970404031233
3706970416613749
3706970469042292
3706970565511409
3706970672465969
3706970710214927
3706970741672823
3706970833947271
3706970840238544
3706970865404298
3706970869598975
3706970898958850
3706970915735633
3706970930416412
3706970947193510
3706970995427329
3706971045759640
3706971108673595
3706971121256751
3706971328875393
3706971337264033
3706971341458069
3706971343555379
3706971343555539
3706971351943310
3706971351943861
3706971354040667
3706971362429021
3706971381303589
3706971425344445
3706971431635021
3706971437927072
3706971769277033
3706971792345405
3706971794442427
3706971821705269
3706971861551837
3706971886717528
3706971947534385
3706971989478352
3706972301953941
3706972312439245
3706972402616578
3706972442462489
3706972461337250
3706972517959850
3706972681537914
3706972792687131
3706972817853248
3706972985625003
3706972985625455
3706972987722559
3706972994013324
3706972994013664
3706973006596820
3706973165980085
3706973296003571
3706973446998096
3706973639936435
3706973704948373
3706973711240027
3706973715434089
3706973784639490
3706973790931602
3706973795126233
3706973860137959
3706974095018329
3706974193584594
3706974195682234
3706974199876350
3706974201973335
3706974229236617
3706974235527472
3706974235528164
3706974239722237
3706974243916678
3706974252304556
3706974342482789
3706974497671751
3706974516545565
3706974516546130
3706974520740608
3706974558488694
3706974558489206
3706974562682949
3706974562683308
3706974562683672
3706974564780228
3706974564781003
3706974596237807
3706974650763662
3706974717872364
3706974784981262
3706974841604287
3706974843702057
3706974856284739
3706974938073565
3706974940170525
3706974940170717
3706974952753613
3706974967433469
3706974990502431
3706975000988174
3706975013570930
3706975021959634
3706975024056728
3706975032445100
3706975139400173
3706975227480626
3706975246355328
3706975558831034
3706975586093737
3706975625939162
3706975630133764
3706975638522180
3706975651105561
3706975707728048
3706975722408035
3706975950998121
3706975965678390
3706976297027617
3706976338970888
3706976682904235
3706976779372715
3706977226066705
3706977263815108
3706977448364327
3706977467238866
3706977475627829
3706977519667608
3706977662274391
3706977739868186
3706977752451369
3706977792297957
3706977800686063
3706977871989130
3706977930709544
3706977964264260
3706977974749357
3706977985235009
3706977997818196
3706977997818531
3706978002012851
3706978052344188
3706978064926787
3706978075412884
3706978142521582
3706978144619016
3706978148813777
3706978482260758
3706978484357475
3706978507425855
3706978536786634
3706978547272397
3706978593409610
3706978601798439
3706978673101466
3706978729724630
3706978733918643
3706979058976963
3706979249818320
3706979298052453
3706979337898267
3706979371453073
3706979398715573
3706979432269974
3706979461630769
3706979556002220
3706980113844831
3706980174662043
3706980218702372
3706980239674240
3706980275325614
3706980499720906
3706980728310664
3706980824779403
3706981011425978
3706981275666590
3706981418273576
3706981737039911
3706981997087323
3706982122916198
3706982355699815
3706982452168949
3706982489918307
3706982517180616
3706982630427413
3706983121161135
3706983427344399
3706983706265938
3706983913883688
3706983926467148
3706983941147378
3706984012450633
3706984018741871
3706984058587305
3706984085850241
3706984217970939
3706984327023395
3706984387840030
3706984440269656
3706984475921070
3706984505280975
3706984683538666
3706985071511562
3706985092483383
3706985117649020
3706985117649776
3706985247673008
3706985864235889
3706985864235895
3706985889401487
3706985964898506
3706986023618895
3706986235431852
3706986686319373
3706986690513603
3706986902326194
3706987032349405
3706987263036076
3706987307076532
3706987309173037
3706987311270525
3706987464362544
3706987497916488
3706987573413953
3706987585997640
3706987711826562
3706987734895112
3706987892181374
3706987917347225
3706987932027019
3706987942512788
3706987976067723
3706988003330509
3706988003330706
3706988009621607
3706988049467538
3706988156422433
3706988160617210
3706988718459547
3706988758305487
3706988932368570
3706989005769420
3706989238552875
3706989288884249
3706989316147794
3706989358091076
3706989406325537
3706989431491367
3706989479725134
3706989488113991
3706989504891712
3706989676858215
3706989985138920
3706989987236410
3706990048053578
3706990098385177
3706990245186327
3706990419249468
3706990496844430
3706990639450122
3706990807222444
3706991100824511
3706991690124248
3706991820147515
3706991855799242
3706991950170312
3706992120039489
3706992195537594
3706992247966226
3706992247966275
3706992252160397
3706992254257563
3706992289909389
3706992294103087
3706992405252694
3706992430418586
3706992482847697
3706992652716106
3706992663201849
3706992868723189
3706992935832103
3706992948414500
3706992988260931
3706993118283962
3706993365748039
3706993516743077
3706993516743549
3706993523034434
3706993548200789
3706993596435154
3706993602726293
3706993606920968
3706993648863534
3706993982310874
3706994024254033
3706994049419543
3706994212998090
3706994257037726
3706994296883805
3706994546444636
3706994611456742
3706994624039165
3706994663885147
3706994670176576
3706994676468313
3706994733091714
3706994741479446
3706994751965322
3706994772937315
3706995133647324
3706995232213568
3706995288836322
3706995399985279
3706995402082963
3706995446122752
3706995603409837
3706995624380705
3706995634867098
3706995685198605
3706995691489583
3706995888621675
3706996033325482
3706996159154460
3706996165446330
3706996178029137
3706996199000858
3706996259817626
3706996398230240
3706996461144605
3706996576488290
3706996628916234
3706996704414466
3706996742163090
3706996746357523
3706996752648385
3706996788300264
3706996834437502
3706997021083717
3706997046249908
3706997069318563
3706997136427072
3706997149010455
3706997169981630
3706997201438757
3706997232896650
3706997247576732
3706997341948767
3706997543275198
3706997555857654
3706997589412379
3706997591509403
3706997599898056
3706997669104274
3706997744601261
3706997797030672
3706997832681586
3706997899790931
3706997937539915
3706997994162307
3706998021425784
3706998023522537
3706998025619619
3706998042397069
3706998205974555
3706998237432173
3706998260500607
3706998300347029
3706998310832156
3706998382136094
3706998388427366
3706998539422561
3706998554102352
3706998568782405
3706998807857259
3706998864480637
3706998942075449
3706998996601241
3706999017573145
3706999116138574
3706999145499336
3706999202121977
3706999231482695
3706999392963231
3706999598483613
3706999621552558
3706999820782049
3706999885793486
3706999892085706
3706999967582297
3707000013720129
3707000114383630
3707000395401742
3707000452025067
3707000502356126
3707000942758824
3707001150376707
3707001305566145
3707001345411604
3707001376869116
3707001410423014
3707001467046652
3707001609652447
3707001745967591
3707001769036285
3707001901156523
3707001920031653
3707001943100300
3707002008111136
3707002010209161
3707002058443549
3707002068928839
3707002100386253
3707002108774605
3707002123455364
3707002144426618
3707002146524003
3707002165398246
3707002563857138
3707002572245757
3707002591119716
3707002609994359
3707002670811217
3707002704365678
3707002719045975
3707002796640875
3707002888914979
3707003021036067
3707003079756556
3707003090242029
3707003098630484
3707003148962500
3707003417397953
3707003423689007
3707003436272186
3707003457243763
3707003459340432
3707003461438247
3707003469826321
3707003478215312
3707003482409374
3707003610335903
3707003627112976
3707003719387703
3707003859897245
3707003878771248
3707003933296871
3707004063320486
3707004098972190
3707004157692499
3707004157692795
3707004168178334
3707004174469563
3707004178664344
3707004191246828
3707004195440732
3707004199635496
3707004226897930
3707004228995433
3707004365310686
3707004463876595
3707004656814673
3707004667300748
3707004805712292
3707004883306951
3707004906376114
3707004939930361
3707005013330809
3707005015427411
3707005019621585
3707005021718936
3707005023815940
3707005023816249
3707005023816487
3707005028010084
3707005028010342
3707005028010554
3707005028010811
3707005032204303
3707005105605605
3707005168519582
3707005260794568
3707005271280118
3707005353069196
3707005751527563
3707005753625534
3707005774596780
3707005845899502
3707005847997239
3707005860579467
3707005946563006
3707006068197561
3707006208707296
3707006433101859
3707006481336730
3707006487628703
3707006521183029
3707006523280032
3707006537959591
3707006552639525
3707006556834014
3707006569416873
3707006663789159
3707006688954536
3707006722509669
3707006779132683
3707006833658149
3707006921739130
3707007011916251
3707007139842309
3707007152425772
3707007169202344
3707007223728964
3707007244700618
3707007253088515
3707007295031524
3707007305517114
3707007320197973
3707007347460596
3707007353752526
3707007496358244
3707007546689657
3707007695587769
3707007875943092
3707007888526182
3707007922080522
3707007959829359
3707007970314348
3707008073075050
3707008207292890
3707008215681217
3707008270207203
3707008293276375
3707008492505611
3707008633014832
3707008666569426
3707008670763738
3707008677054577
3707008712706395
3707008714803398
3707008733678399
3707008746260656
3707008765135601
3707008771426680
3707008794495382
3707008811273075
3707008930810437
3707009486555251
3707009956317766
3707010096826657
3707010382039826
3707010717583932
3707010866481524
3707010952465089
3707011155888157
3707011204123204
3707011235580739
3707011250260900
3707011315272412
3707011434809654
3707011478849881
3707011682273623
3707011686468297
3707011705342513
3707011816491031
3707011925543230
3707011925543616
3707011942320868
3707011971680520
3707012005234900
3707012042983492
3707012282059646
3707012355459194
3707012405790872
3707012414179881
3707012533717922
3707012550495135
3707012577757316
3707012592437701
3707012632284022
3707012825221541
3707012888136132
3707012919593247
3707012940565079
3707012942661761
3707012955244930
3707013093656692
3707013108336942
3707013120920390
3707013154474142
3707013188029228
3707013213194271
3707013246748794
3707013257234594
3707013269817826
3707013278206789
3707013347412596
3707013534058834
3707013987043606
3707014014307294
3707014129649821
3707014274353334
3707014303713563
3707014364531040
3707014561663780
3707014880430166
3707014888818727
3707015029328031
3707015041911029
3707015132088648
3707015255820474
3707015276792122
3707015299861084
3707015509576056
3707015658474454
3707015710902424
3707015819954286
3707016082098644
3707016113555704
3707016151304520
3707016396671744
3707016432322990
3707016449100398
3707016526695069
3707016535083211
3707016572832027
3707016633650016
3707016652524096
3707016658815807
3707016853850659
3707016927251090
3707016998554319
3707017122285976
3707017128577250
3707017149549344
3707017160034835
3707017204074535
3707017243920388
3707017256504014
3707017262795173
3707017321515530
3707017334098194
3707017585756428
3707017615117023
3707017684322631
3707017688517115
3707017726265466
3707017747237732
3707017764014457
3707017787083135
3707017929689886
3707017938077758
3707018120530637
3707018128919389
3707018158279029
3707018189736419
3707018231678993
3707018334439901
3707018380577257
3707018391063167
3707018430909298
3707018472852350
3707018489628692
3707018518989487
3707018596583858
3707018682566923
3707018739190342
3707018925836912
3707018930031132
3707018951002800
3707018953099693
3707018953100122
3707018955197398
3707019068442660
3707019309615889
3707019376724019
3707019464805113
3707019464805277
3707019489971139
3707019527719480
3707019588537204
3707019628382309
3707019750017281
3707019796154572
3707019913595437
3707020089755966
3707020221876489
3707020268014295
3707020393843123
3707020492408836
3707020513380409
3707020586781508
3707020641307384
3707020775524365
3707020783913865
3707020806981806
3707020859411278
3707021008308471
3707021029280009
3707021064931869
3707021230607035
3707021348046925
3707021356436306
3707021408864623
3707021486459245
3707021561957303
3707021631163326
3707021740214389
3707021780060214
3707021901695384
3707022077856487
3707022079952931
3707022103022024
3707022117701734
3707022142868208
3707022386137716
3707022394525874
3707022572784318
3707022597950025
3707022623115619
3707022633601691
3707022709098678
3707022857996973
3707022985922942
3707023076100940
3707023082391684
3707023178860788
3707023208221141
3707023266941203
3707023321467392
3707023399062236
3707023426325310
3707023432616334
3707023514405648
3707023596194610
3707023602485655
3707023782840322
3707023782840594
3707023791229325
3707023914961039
3707023990459160
3707024118384674
3707024160327725
3707024210659734
3707024309225574
3707024395208734
3707024623799259
3707024655256295
3707024690907459
3707024810444879
3707024965634614
3707025013868698
3707025043229347
3707025097755437
3707025143892523
3707025154378360
3707025246653125
3707025252944683
3707025269721843
3707025294886964
3707025603169183
3707025758358409
3707025794009676
3707025856923682
3707025856924462
3707025884187454
3707025942907056
3707025947101252
3707025961781670
3707026089707874
3707026179885674
3707026211342759
3707026217634418
3707026221828859
3707026234411423
3707026360240130
3707026393794673
3707026433641107
3707026435738051
3707026456709744
3707026479777878
3707026509138787
3707026523818082
3707026576247520
3707026599316237
3707026626578477
3707026647550084
3707026725144881
3707026752408235
3707026903403075
3707026926472099
3707026964220046
3707026964220419
3707027092146737
3707027117312320
3707027624822802
3707027694029591
3707027788401113
3707028061030806
3707028279134791
3707028432226554
3707028446907090
3707028719536464
3707028719537034
3707028759382182
3707028780354097
3707028948126052
3707028983777418
3707028990069107
3707029120092808
3707029239630095
3707029245921872
3707029248019414
3707029258504401
3707029258504981
3707029287864945
3707029313030192
3707029319322084
3707029461928846
3707029696809707
3707029696809883
3707030091074168
3707030118336609
3707030351120995
3707030470658244
3707030539864504
3707030753773904
3707030772648193
3707030772648802
3707030846048792
3707030848145993
3707030879603302
3707030885894421
3707031124969919
3707031148038447
3707031370336830
3707031372434222
3707031376627985
3707031382920071
3707031399697016
3707031426959962
3707031533914187
3707031582149015
3707031607314842
3707031613605998
3707031626188939
3707031724755460
3707031741532954
3707031749921224
3707032272111881
3707032360192051
3707032410524520
3707032414718421
3707032433593116
3707032584588192
3707032595073373
3707032892869254
3707032936909675
3707033012406930
3707033012407087
3707033073224437
3707033083709675
3707033092098175
3707033104681116
3707033121458540
3707033322785045
3707033572346175
3707033610094619
3707033725438169
3707033744312425
3707033746409709
3707033784158746
3707033809324059
3707033840781322
3707033849170301
3707033863850893
3707033987582328
3707034073565806
3707034176326266
3707034232949625
3707034289571937
3707034300058069
3707034306349184
3707034342001569
3707034346195896
3707034503481983
3707034513967275
3707034532841783
3707034935495527
3707035417840614
3707035470269314
3707035535280685
3707035577223873
3707035675789569
3707035837270817
3707035845659155
3707035950516917
3707036023916721
3707036023917015
3707036139259907
3707036214757850
3707036309129346
3707036351072902
3707036439152793
3707036499970613
3707036516747743
3707036531427574
3707036537718959
3707036611119973
3707036629994003
3707036636285669
3707036684519486
3707036709685397
3707036715976824
3707036804057523
3707036843903927
3707036996995959
3707037034744184
3707037219293428
3707037267527904
3707037269625823
3707037273819660
3707037278014382
3707037282208712
3707037313665739
3707037330442478
3707037351414171
3707037391259651
3707037397551847
3707037487728869
3707037569518061
3707037680667467
3707037703736079
3707037825370858
3707037986851626
3707038058154392
3707038093805893
3707038165109266
3707038194469196
3707038246897809
3707038265772655
3707038267869593
3707038280452248
3707038282549653
3707038311910268
3707038353853070
3707038580345705
3707038582442251
3707038586636661
3707038815226746
3707038834100562
3707038873946994
3707038949444559
3707038989290415
3707039043816017
3707039184325479
3707039247239442
3707039528257720
3707039557618054
3707039576492145
3707039708613360
3707039798790555
3707039807179189
3707039953979641
3707040119654479
3707040130140830
3707040146917993
3707040167889439
3707040432130251
3707040488753556
3707040601999846
3707040830589632
3707040880921154
3707040971098744
3707041019332658
3707041023527382
3707041067567798
3707041094830326
3707041119996683
3707041218562352
3707041226951188
3707041233242556
3707041258408015
3707041285670970
3707041302448919
3707041315031215
3707041323419651
3707041338100407
3707041340197013
3707041352780606
3707041371654977
3707041484901235
3707041558300762
3707041866582717
3707041889651516
3707041906428124
3707041919011513
3707041973537493
3707042090977423
3707042202126705
3707042422327321
3707042424425421
3707042493631191
3707042531379965
3707042554448690
3707042613168932
3707042688665627
3707042753677585
3707042772551860
3707042885798524
3707042927741133
3707042959198485
3707042961295969
3707043173108297
3707043210856657
3707043271674640
3707043280062635
3707043292646168
3707043374435061
3707043391212026
3707043424766039
3707043485583620
3707043510749559
3707043533818662
3707043668036078
3707043774990660
3707043873557041
3707044062300634
3707044062301065
3707044068592101
3707044227975808
3707044366387920
3707044431399828
3707044471245250
3707044567714619
3707044571908620
3707044704029586
3707044808886561
3707045085710793
3707045119265497
3707045136042383
3707045138139367
3707045198956576
3707045230414720
3707045240900246
3707045352048729
3707045385603882
3707045410769188
3707045425449832
3707045561764651
3707045815519426
3707045844880155
3707045932960136
3707046039914836
3707046178326995
3707046195104312
3707046199298049
3707046253824432
3707046276893522
3707046337710589
3707046373361854
3707046446762935
3707046599854737
3707046631312002
3707046681643783
3707046731975194
3707046752946613
3707046765529641
3707046882969785
3707046906038646
3707046931204711
3707046979439265
3707047050742728
3707047057033914
3707047065422135
3707047067519019
3707047233194796
3707047241583309
3707047243680341
3707047245777841
3707047249972105
3707047254166254
3707047352732479
3707047424035407
3707047470172198
3707047520504534
3707047579224464
3707047581321733
3707047679887502
3707047702956488
3707047709248303
3707047734414091
3707047971391743
3707048107706610
3707048111900827
3707048116095672
3707048244021479
3707048258701447
3707048258701661
3707048264993286
3707048380336779
3707048388724940
3707048432765469
3707048453737027
3707048481000160
3707048537622577
3707048608926508
3707048640383183
3707048766212225
3707048778795699
3707048848001522
3707048881555784
3707048892041894
3707048929790260
3707049097562235
3707049116436980
3707049256946220
3707049271626429
3707049286306201
3707049330346321
3707049569422248
3707049676376619
3707049684765231
3707049688959472
3707049737194405
3707049741387872
3707049871411256
3707050133555819
3707050265676086
3707050295036602
3707050441837049
3707050571860765
3707050592831609
3707050653649140
3707050655746361
3707050672523767
3707050710272852
3707050758506908
3707050783672980
3707050836101174
3707050938862432
3707050945153613
3707050976610833
3707051184229048
3707051207297880
3707051221977226
3707051221977310
3707051224074628
3707051226172251
3707051255532304
3707051326835308
3707051335223425
3707051356195150
3707051383458222
3707051406527041
3707051446372457
3707051599465248
3707051628824798
3707051903552081
3707051905648777
3707051924523678
3707051987438002
3707052058740742
3707052071324521
3707052081810178
3707052140530144
3707052159404613
3707052169890296
3707052199250112
3707052325079789
3707052325079990
3707052348147885
3707052415256816
3707052429937448
3707052453006112
3707052497046450
3707052627069574
3707052717246901
3707052767578740
3707052784356078
3707052790647354
3707052792744259
3707052803230123
3707052807424658
3707052809521711
3707052813715559
3707052830493098
3707053019236589
3707053266700554
3707053272991990
3707053275088915
3707053283477773
3707053287672093
3707053291866267
3707053331712185
3707053342197836
3707053356878591
3707053384141329
3707053400918567
3707053407209998
3707053442861833
3707053447055583
3707053459639108
3707053514164724
3707053556107518
3707053772114622
3707054072007585
3707054151698542
3707054176865208
3707054233487991
3707054524992054
3707054661306585
3707054797621280
3707054927644757
3707055141554693
3707055152040910
3707055602927639
3707055630191056
3707055682619833
3707055707785514
3707055844100954
3707055911209233
3707055923792411
3707055957346450
3707055992998136
3707056049621968
3707056062204651
3707056074787734
3707056083175804
3707056091564392
3707058543134986
3707058570398384
3707058658478491
3707059908381557
3707060147456823
3707062418671765
3707063320447913
3707063356099026
3707063821666850
3707065505679818
3707065851709744
3707073739098563
3707073862831065
3707075175647699
3707075800598909
3707076412967135
3707077335714223
3707077350394132
3707077857904776
3707078168283148
3707078373804376
3707080542260003
3707083291625561
3744942237158426
3744942440582264
3744942478331569
3744942520274563
3744942897761721
3744943583530849
3744943914880794
3744944095234839
3744944216870476
3744944718089727
3744944747449557
3744944749546319
3744944862793242
3744945028468116
3744945192046328
3744945745694347
3744945812802683
3744946003642909
3744946429364544
3744946668441428
3744947620548423
3744949617037244
3744949740767552
3744949780614838
3744949914831991
3744950072118464
3744967736429147
3744968051002817
3744968210385308
3744968573192400
3744968822754393
3744972828313729
3744972838799523
3744973266618520
3744973295979488
3744973482625406
3744973587483244
3744973646204779
3744973925125995
3744973929320374
3744973931417132
3744973935611760
3744973941902400
3744973946095736
3744976877915527
3744976892594380
3744976917760770
3744977056173343
3744977190389772
3744977312026505
3744977620307917
3744977811148223
3744977941170543
3744978031348071
3744978094262566
3744978096361179
3744978194926687
3744979608406270
3744979883134753
3744980004767894
3744980289981844
3744980304662170
3744980573097831
3744981126745585
3744982680734595
3744983418931568
3744987005063040
3744987233652134
3744987499989564
3744987512573351
3744988101872037
3744988445806277
3744989116894588
3744989509061027
3744991111286177
3744991943855001
3744996565978998
3744997388061601
3744998126259263
3744998273059804
3744998296127685
3744998482774841
3744998864457264
3744999436979560
3745000141622730
3745000170981605
3745000867237760
3745001498478621
3745002150693458
3745003331391019
3745004969265703
3745006378553160
3745007747993511
3745008381331817
3745008601532530
3745009784327045
3745010172300991
3745017023695560
3745020798570418
3745022306421851
3745025005456537
3745025047399934
3745025705904820
3745026496530541
3745027635285522
3745028281208353
3745034782378613
3745036061642683
3745036462198023
3745036848072932
3745037661768037
3745037785500980
3745043519114564
3745043928058882
3745045056326013
3745045198932812
3745046801157836
3745047447079306
3745047937812535
3745047965076622
3745052562032891
3745053004533391
3745053306522625
3745053579153014
3745054931815686
3745055286234115
3745055307205837
3745055548378999
3745055827299788
3745055946836534
3745056242535300
3745056546622952
3745056615828242
3745056636800506
3745057649724600
3745059686058055
3745062406065780
3745063031015807
3745063582567356
3745064100564806
3745064121535150
3745064748583678
3745065509850678
3745066164161615
3745066694740291
3745072195571127
3745072329788535
3747501570001118
3747501777620738
3747501882477094
3747502087998840
3747511791520774
3747512980605142
