# 投资理财
60633
272588
444473
490540
557237
598991
854096
856544
889405
926672
1289548
1406733
1537805
1552483
1887277
1914127
2000163
2159500
2205397
2277297
2470298
2569259
2855593
2857709
2866308
2971494
3174223
3790204
3872027
4017402
4506234
4531629
4658735
4678114
4757087
4938009
5036005
5174751
5255281
5320099
5347566
5575162
5792947
6100233
6206844
6551616
6617636
6906877
7008467
7017562
7019934
7417336
7527678
7590155
7622009
7682262
7759129
7861055
7926136
8146639
8243468
8430442
8479522
8753454
8759932
8802021
8879469
8960262
9092861
9465405
9835735
9900010
10200000
10436638
10441485
10513738
10546889
10718628
10756909
10767220
10888184
11285089
11333613
11434502
11465364
11635590
11749353
11812924
11831464
11844502
11894621
12077436
12181497
12190186
12191054
12433520
12631227
12721305
12722300
12744253
12805263
13001170
13019167
13068705
13168777
13267433
13449656
13475013
13480503
13540761
13580930
13611123
13630990
13729066
13739955
13831846
13842380
14074957
14497264
14512948
14554094
14556337
14593590
14850324
14920048
14976434
15026684
15069034
15240925
15244263
15279771
15301776
15399123
15888543
15994832
16107269
16125554
16295770
16346672
16588488
16602813
16662244
16683607
16710237
16761497
16765040
16874827
16905945
17364383
17627288
17653641
17656594
17728621
17846334
17919248
18032021
18153085
18158340
18248821
18322080
18357055
18363199
18393615
18484555
18543318
18751044
18892392
19002679
19076742
19191664
19206025
19262375
19354957
19375009
19457207
19472000
19616768
19711797
19749363
19766001
19794271
19907708
19921235
20024746
20075707
20276067
20653167
20701270
20705865
20720895
20763555
21098711
21147535
21193094
21329863
21367189
21409456
21462537
21626438
21759599
22022789
22024657
22165619
22478105
22519746
22554807
22614234
22673669
22686303
22824539
22865557
22956706
23001860
23010333
23084006
23191969
23295229
23299553
23474536
23602193
23672933
23816386
23842728
23867697
24077236
24241645
24670337
24767629
24804055
24898625
25023686
25202213
25469077
25524554
25587462
25622643
25733732
25871140
25982822
26082750
26267717
26304074
26347908
26428647
26430909
26435700
26622982
26730987
26758758
26953484
27089579
27149236
27280334
27439046
27477502
27532091
27624560
27723501
27995882
28129671
28186804
28436543
28457502
28500628
28559894
28620586
28632349
28789996
28843418
28952482
29035688
29070051
29204071
29370346
29535288
29721081
29801194
30122625
30249501
30359317
30381380
30473588
30520341
30743874
30749802
30999014
31097978
31135261
31164544
31532523
31538693
31721731
31900114
31957729
31976146
32335172
32355278
32491385
32521572
32533999
32696889
32977170
32992119
33146296
33236109
33294047
33315353
33374808
33392206
33421357
33725790
33810977
33821164
33880715
33884123
34148337
34149472
34150897
34185856
34272212
34346457
34414787
34558358
34640541
34868118
35061752
35192145
35282137
35370315
35645934
35687693
35743516
35823080
35866259
36102849
36263000
36283150
36433519
36700605
36707764
36878191
37251771
37274701
37299309
37800403
37871311
38170404
38348307
38464133
38544659
38656882
38673968
38721119
38778297
38807991
38898006
39172828
39542544
39588260
39628760
39787590
39821091
39837508
39850836
39909335
40178134
40257375
40307928
40472363
40670531
40810665
40881297
40986615
41092065
41104212
41123028
41209868
41224589
41248679
41248692
41536019
41815785
41861192
42008033
42321084
43281516
43339843
43478657
43724175
43733294
43832099
44032057
44164373
44230768
44231238
44251810
44594992
44715944
44780950
45000495
45228386
45376463
45903917
45919911
46232707
46248059
46367327
46960496
46976642
47006112
47148410
48201742
48214602
48693330
48752918
49435364
49628937
49648886
49771885
50091206
50379404
50384652
50534178
50970467
50988429
51034668
51128409
51266871
51309679
51407005
51733957
51739699
52205200
52460358
52532034
52653399
52712635
52764688
52794164
52853751
52946670
52958517
53485072
53749880
54657602
55444043
55503694
55598132
56306470
56387795
56393709
56628194
57232485
57233218
57451079
57694797
57760119
57809287
57919293
57952045
58121062
58573055
58634578
58837360
58897519
58951147
59385129
59697290
60288088
60498413
60684729
60685920
61171680
61193710
61586823
61696762
62278057
62344005
62522354
62917397
63031052
63545651
64379007
65012014
65242788
65327043
65347657
65468835
65592328
65900269
66080423
66288861
66324253
66404816
66436509
66617122
66810746
66853814
66916361
66929056
67107401
67163144
67637350
67676103
67743987
67757243
67866528
68016709
68146778
68332732
68515572
68569922
69838141
69862609
70799814
70903959
71110778
71386125
71422638
71550378
71584905
71944349
71965928
72257702
72276084
73010684
73311737
73472640
73480729
73827743
74089835
74473226
74513865
75515066
76722135
76915324
77004766
77232605
77372605
77600745
78023651
80381893
81226076
81447780
81519595
82432567
84106755
84333367
84520623
84869402
85432153
85532727
85655293
85726301
85863426
85915880
85968478
86282855
86359398
86462902
86708561
87231504
87612320
88035427
88436958
88468819
88655944
88749898
88832877
89017011
89223407
89653931
89903865
89906476
89983760
90029146
90693180
90949286
91070311
91384438
91545483
93014645
93445758
93630393
93630893
93631102
93632871
93697224
93709998
94026396
94474344
94577800
94648133
94759374
94789811
94945589
95067889
95319488
95330940
95447328
95692704
95724115
95840587
95847574
95852432
96838866
96866538
97400099
97723877
97966583
98071865
98412582
98779383
99160758
99313129
99465020
99522721
99705594
100181077
100395032
100454933
100669600
101692007
102454868
102491502
102512672
102568428
103158620
103160511
103222148
103768199
104267100
104341908
104355260
104517692
104675005
105247388
105533527
106162125
106654347
107086602
107648538
107751713
107807460
107872015
108018552
108042673
108703382
108912881
109343580
109509905
109799192
110544178
110706763
110928305
111046712
111301322
111404834
111826786
111969261
112397146
113458534
116334434
116456102
117137308
118093304
119177536
119260712
119627494
120052332
120120112
120123614
120359492
120924960
121684103
122693709
122701949
123098387
123104762
123206929
123513035
123913096
124101034
124424532
125989369
129086327
129377045
130097244
130132587
130187517
130832660
131380022
131449709
131531184
131928434
132641986
133272661
133578883
134944416
135478340
135563883
137617845
139069869
139398466
140216575
140420253
142721818
142734277
143984088
145149047
145956055
146249355
146764131
148216988
149003991
149233253
149555639
151259110
152345734
152983892
153288751
153411642
153448038
154294138
155752188
156174579
156558233
156675432
157688272
157790416
158533507
159445654
159468779
160352548
161260897
163819725
163867726
165264306
165412338
165635143
165971602
166327770
166432459
167243260
168272679
168350810
168466188
168873967
169029643
170708176
172960187
173273306
173308787
173922907
174090496
174158477
174331113
174357722
176381786
176592525
176870341
177121055
177650516
178327563
178706345
178995914
179036665
179543392
179722544
179903026
180142402
180285419
180351029
180877573
181783491
181784640
181806006
181872135
182001045
182604137
182613567
182861393
183332003
184659777
185000648
186909843
187924274
188149753
189697186
189888595
189969315
190233003
190664516
190893765
191999388
192173532
193078133
194352590
195213457
195475570
197410573
197603675
197855283
199293360
199672252
200670289
201415565
201621559
202086383
202292536
203009103
203073872
203235771
204831229
204853819
205711546
205970437
207681419
207756492
208633321
208690232
208827697
209031254
209485707
211261808
212547298
212767738
213255705
213294761
213836285
213912558
215280519
215289814
216207830
216215631
217672314
217680006
219466538
220042319
220414844
220602647
220945826
222308235
222802859
223198083
223843480
223974463
223987137
224705958
225113198
225796943
226727146
227525470
227761536
227761954
227784192
228172440
228196907
228980242
229025416
230376017
231393758
231632835
231675458
231702295
231877439
232752772
233126226
233200988
233661281
233884731
234037309
234293046
234446620
234482736
234576243
234713016
235411035
236100969
236553936
236577400
236761743
237321465
237438484
237443119
237499066
238148695
238212336
238258471
238262857
238849322
239285444
239370067
239405659
239715083
239746300
239835625
240300553
240367767
240372929
240878183
241811480
242063947
242520764
242532964
243578438
243657518
243706073
243741133
243809274
243865090
243971903
244152775
244258233
244291169
244341874
244768749
245002855
245487747
245766599
246461569
246613115
246699238
247348033
247503920
247606739
247815657
248272160
248560442
249005551
249183994
249194393
249451181
249474644
249927990
250052659
250704605
250781591
250915025
250943970
251550995
251595281
252169327
252272593
252414224
252486876
252651962
252686672
252962483
253032511
253032889
253719127
253780174
253842416
254169491
254829407
255489406
255895059
256800876
257512731
257530160
257534716
257862986
257900580
258329589
258724918
259313822
259498426
259513639
259847092
260154080
260226129
260390943
260439476
261050338
261112360
261132767
261401337
261418527
261517556
261750962
262114341
262648488
263028401
263169298
263640979
264121754
264252441
265471586
265529806
266091975
266263072
266505020
266839050
267053180
267459960
267674983
267758748
268105761
268176679
268812331
269329646
269539397
269829150
269908730
269979046
270386753
270506178
270663029
270836414
271205923
271210090
271649167
272365898
272674764
273064727
273143154
273905205
273978605
274036846
274195287
274198219
274837407
274891636
275100929
275175485
275211725
275629872
275670723
275711538
275735028
275996304
276022888
276141486
276169059
276876131
277006318
277016586
277439852
277493750
277569286
277719118
277725676
277798205
277985221
278213996
278330705
278553537
278563060
278770809
279342695
279422925
279450954
279621894
279643802
279675052
279944322
280047829
280680060
280717783
280743748
280789117
280809106
280842033
280913072
281031771
281230165
281246013
281605657
281643966
281753154
281762355
281835392
281835396
281950801
281990787
282470236
282614167
282663218
282870057
282936653
283346264
283722508
283892571
283899805
284049367
284136462
284195231
284415287
284813465
285705278
285851127
285953651
286084162
286126074
286166264
286368583
286446343
286529873
286580463
286660924
286682098
286693949
286732742
286815835
286870472
286952583
286976954
287089708
287383758
287533297
287541723
287614042
288607940
289000307
289037850
289137412
289205078
289220803
289235508
289456237
289487235
289580894
289624527
289627044
289685075
289706107
289915306
289959798
290047400
290315604
290495862
290767374
291104144
291129030
291243463
291323019
291505769
291812159
292013293
293474389
293716449
294387055
294966079
295052819
295169702
295389003
295599458
295722937
296149560
296567163
296570884
296675847
296865181
296922551
297111861
297162925
297280692
297631437
297998636
298491593
298564862
298701914
298803892
298966753
299255411
299630381
299637356
299889317
299969050
300234866
300406948
300620914
301066963
301082615
301180079
301695635
301714555
301892655
301961590
301990107
302118839
302413270
302427967
302622065
303055373
303267662
303459536
303859475
304025809
304212972
304568912
304672800
304725883
304965844
305303036
305325104
305496045
305620865
305908138
306120773
306803188
306862651
307421582
307701583
308203295
308818659
308865404
309287220
309432929
309975758
310052078
310058615
310157092
310606170
310630355
310753032
310866547
311303458
311480933
311840293
312017759
312084783
312137317
312244415
312290675
312475961
312774357
313280973
313707580
314090975
314165666
314288301
314417508
314526643
314669745
315079782
316780372
316805708
316828978
317357274
317383387
317451305
317798053
318240083
318544734
318946477
318963325
318979946
319134014
319304501
319348697
319552475
319748725
319754496
320018777
320142802
320178912
320329045
320542164
320576254
320862913
320887786
321125766
321500786
322022267
322442743
322616342
322768229
322863279
322882230
323461185
323505545
323584322
323616708
323768419
323920542
323923180
324016548
324052310
324302223
324382482
324532487
324614318
324846990
325074199
325174498
325245401
325515455
325542176
325548222
325559830
325669946
325892976
325920413
326086299
326147634
326243247
326429218
326664024
326914847
326940902
326982696
327114356
327273061
327359895
327379861
327635788
327900261
327973572
327987772
328050115
328228292
328260275
328456805
328474562
328574008
328575015
328759133
329084689
329283875
329971635
330181077
330473705
330506984
330553721
330557397
330787556
330962832
331328961
331387954
331686974
332204210
332667282
332844593
333461689
333531987
333926585
334328226
334753074
334986517
335055870
335076584
335899553
335969525
336029558
336053328
336054486
336221027
336379352
336592912
336734145
337465269
337729623
339657882
339827238
340856147
341011782
341258823
341641190
341668047
341872683
341899287
342287046
342649078
342693735
343178510
343196545
343424584
343874536
343917014
344256258
344957035
344994136
345253547
345264937
345470313
345568521
345590372
345746000
345930730
346105845
346180284
346182876
346233903
346403520
346760631
347013227
347454037
347565281
347723883
347877706
348703436
348715650
348734533
348833221
348903518
348945375
349357445
349564480
349629633
349755830
349789606
349790259
349945495
349946287
350279665
350307160
350310406
350349680
350522544
350530324
350622790
350843826
350919762
351030733
351038642
351203543
351286008
351288804
351374675
351396903
351413419
351414305
351418556
351556452
351591366
351754674
351800683
351917719
352147427
352341380
352491036
352587996
352675033
352759958
352836131
352944748
352979041
353275668
353364708
353746652
353775109
354062481
354172889
354188653
354218398
354536576
354684697
354754013
355134284
355150876
355260036
355285699
355318724
355335148
355336306
355506502
355586869
355625108
355636832
355861111
355896556
355997070
356018284
356145972
356204303
356343094
356615808
356750739
357473220
357793194
357806350
357913706
357927138
358077873
358109816
358278283
358284879
358289407
358296297
358298234
358341119
359118733
359191121
359346781
359418927
359448810
359642831
360191318
360565585
360636797
360673688
360818677
361008771
361185796
361452569
362194328
362253692
362278671
362390637
362551827
362598523
362742734
362744102
362895380
363056939
363431711
363892816
364092565
364303296
364683317
365120239
365285027
366030275
366077452
366091951
366191150
366942827
367015929
368360073
369094605
370202345
370280001
370404388
370504782
370845722
370871601
371144819
371889721
372214811
372308660
373057633
373433102
373953862
373999797
374340749
375146686
375183881
375214893
375241785
375326731
375336755
375688537
375696512
375981328
376160906
376286829
376706839
377002999
377904798
377955325
378572099
378593058
378833275
378910989
379755591
380090201
380144461
380479775
380542201
380556303
380556664
380562277
380911915
381115373
381158747
381272696
381440220
381634901
381708397
381717505
381741008
381757881
381762160
381808117
381903032
381935640
382316970
382373175
382411450
382425331
382443021
382478856
382516612
382531976
382583586
382619372
382644674
382671266
382675956
382713983
382804748
382804871
382881732
382896562
382915571
382921758
383061361
383168228
383221352
383223421
383334243
383511393
383548853
383587023
383727204
383772338
383813503
383895496
383899133
384010953
384093898
384101285
384168225
384245485
384447452
384743299
384825501
384911365
385061668
385086273
385208665
385259693
385263579
385313823
385380508
385396706
385666021
385749759
385790024
385932053
386006764
386042566
386054758
386086639
386283919
386292156
386320831
386324983
386341214
386362037
386404657
386450256
386473284
386739671
386779188
386790709
386809511
386847607
386849952
386917077
387052854
387221652
387245878
387299228
387310788
387438968
387480096
387708748
387834953
387910006
387914225
387965517
388027573
388285963
388342428
388408784
388421291
388461005
388556736
388560383
388586825
388703608
388729606
388749065
388807698
388813921
388820078
388957408
388963377
389008815
389320313
389488555
389885776
390010813
390035232
390174085
390210146
390211089
390324027
390338867
390341582
390409612
390483431
390521077
390544628
390588508
390669953
390674303
390684643
390825700
390838074
391030537
391032988
391089244
391249666
391464747
391570090
391652176
391818627
391930348
392103967
392110594
392113062
392422093
392576346
392668510
392721923
392868298
393003262
393179897
393237016
393262154
393403365
393455692
393588426
393594694
393627943
393989326
394041479
394068507
394198645
394279291
394314703
394459669
394495557
394613377
394730951
394832403
394865367
394930564
395023088
395171853
395264836
395456963
395497525
395591612
395679258
395736830
395861697
395892570
395982976
396013500
396048107
396141915
396174049
396383292
396401671
396477107
396572320
396624840
396845367
396856945
396922906
397067553
397092487
397167531
397199037
397252919
397331968
397381605
397403815
397433869
397462866
397468736
397497099
397598550
397625977
397731469
397789508
397844590
398104586
398292015
398348882
398368807
398381235
398704777
398884014
399209019
399227033
399371492
399422260
399483642
399553383
399581346
399630882
399634484
399668571
399828170
399951487
399977125
400153230
400241811
400258300
400279358
400310932
400600015
400671986
400679265
400680735
400714458
400832657
400846095
400879827
401023840
401133298
401637345
401771298
401831713
401914004
401926705
402096067
402139955
402145335
402221546
402254815
402330399
402405000
402669572
402669959
402797799
402815164
403714770
403767231
403775221
403782923
403791745
403913942
404020245
404094399
404317471
404508277
404584632
404676396
404733312
404777465
404901321
404990020
405205979
405210967
405572118
405800518
405986238
406239323
406393460
406488797
407027950
407085189
407278744
407284764
407541879
407544728
407817640
407930110
408025925
408054831
408074081
408166588
408286336
408456987
408513934
408649977
408721581
408749697
409643275
409658810
409913569
410053234
410126777
410193245
410923579
411368780
411476583
411535958
411909590
412240182
412522082
412579996
412843722
412844097
412886286
413007205
413156154
413161079
413451815
413454457
413591299
414061088
414268224
414331885
414388585
414424295
414517409
414609825
414616395
414683282
414723370
415235743
415248975
415355046
415437977
415806989
415941778
416088729
416108734
416225847
416258536
416356941
416579848
416594544
416799948
416876791
416959785
417019304
417199804
417210454
417229417
417277733
417385306
417524372
417985245
418358203
418363693
418367564
418428988
418986831
419072857
419278603
419289668
419521971
419619769
419739297
419789264
419793280
420240149
420269955
420373075
420474658
421005799
421156461
421413637
421439384
421643278
421677577
422378803
422383084
422567882
423230427
423748121
423830800
423890878
423893354
424148481
424264899
424702411
425205380
425408507
425786835
426904407
426917551
427009806
427623571
428180710
429194660
429272488
429513878
429524882
429549696
429852672
429953394
429999908
430029853
430125411
430241093
430246884
430263156
430291298
430398305
430511781
430582984
430650788
430793368
430828390
430932292
431157765
431396663
431422061
431465582
431465634
431474798
431477283
431550227
431595058
431689322
431803003
431875779
431906227
432077278
432196907
432233759
432444819
432584756
432610011
432620982
432622595
432629707
432755741
432991288
433280310
433313514
433340657
433395961
433404731
433415144
433460811
433469176
433531504
433539479
433637551
433677313
433739431
433821096
433902434
433982258
434054548
434087835
434145616
434288445
434344845
434388365
434539621
434548427
434563063
434584617
434657460
434688487
434719205
434830182
434912025
434962705
435024055
435034668
435076601
435103533
435129383
435302168
435509256
435672417
435708538
435766350
435779088
435956110
436022479
436052188
436358509
436497254
436699833
436847812
436946674
437117511
437209140
437322382
437545173
437555998
437731510
437966767
438018761
438153808
438213082
438515165
438634706
438764173
438915694
438960447
439007253
439010305
439059836
439292054
439418421
439524717
439996291
440138192
440151309
440223737
440314189
440607532
440621722
440703719
440850958
440857077
440857183
440892279
440900830
440916712
440933734
440979128
441135847
441309861
441327720
441848379
441995229
442251438
442326459
442385956
442396580
442688607
442691468
442754043
442810212
442964615
443024083
443084473
443168012
443174316
443418585
443503535
443671776
443755037
443815570
443953829
444297750
444633917
444813228
444834020
445920828
446081676
446134659
446297870
446556204
446849517
446916988
446942921
447297228
447820685
448149883
448313356
448796573
448821489
449111878
449185918
449210440
449548950
449695094
449764838
449942060
450473467
450903897
451168105
451350356
451399880
451472579
451605593
451987280
452207885
452352574
452687534
452753765
452985809
453209062
453248133
453483204
453738794
453909150
453984049
453993280
454012513
454077194
454115752
454329576
454388208
454441458
454512302
454554533
454594938
454644050
454830341
454853989
455018289
455136240
455354124
455357015
455424659
455642319
455776602
456072181
456185455
456264086
456308286
456362686
456455283
456550562
456640717
456738077
456750854
456813476
456849183
456950974
457423965
457534017
457618659
457645242
457874396
457917614
458190233
470004027
470043462
470088973
470191158
470213275
470268674
470356895
470413741
470451618
470538722
470621953
470740305
470794187
470865585
471066133
471184046
471253043
471312840
471330860
471344113
471497613
471526821
471663315
471700341
471756961
471818088
471825873
471968250
471981101
471981685
472130552
472145760
472190598
472248135
472248243
472335364
472419269
472426080
472436195
472452230
472473910
472489662
472531739
472593850
472612349
472622068
472661688
472699217
472721945
472747194
472831251
472965198
472974742
473017281
473019321
473030132
473050484
473055552
473123925
473242319
473351915
473456123
473489186
473586720
473606177
473631607
473686730
473810348
473814533
473817728
473863190
473916221
473919874
473934931
473973322
473977927
474009588
474066365
474146472
474187298
474361237
474372885
474567414
474572794
474581533
474705177
474794546
474820019
474828565
474851069
474875315
474888915
475023020
475041725
475093597
475136268
475145408
475320600
475481169
475511244
475574311
475621431
475664743
475687767
475885690
475894370
475934040
475981505
476163974
476373755
476382898
476465619
476607968
476635530
476642217
476733047
476737284
476740455
476743435
476783631
476841812
476909587
476954719
477029555
477090803
477094743
477151563
477296610
477339820
477399062
477430849
477483981
477560424
477571492
477679152
477680157
477734471
477848842
477914539
477961480
478020276
478166868
478195814
478314265
478518577
478591805
478608372
478645257
478701641
478718693
478813170
478907321
479072897
479160078
479172192
479189095
479307472
479401051
479422020
479494800
479569379
479630414
479633166
479649153
479654645
479701621
479815151
479840396
479900589
479988385
480025285
480078562
480351072
480364739
480497069
480507360
480527693
480550638
480593933
480677245
480702157
480758003
481002762
481136198
481171005
481263130
481264988
481323297
481340556
481378496
481409349
481436499
481447380
481458125
481568664
481579679
481646696
481714155
481760612
481823046
481836331
481943515
482003376
482048313
482084090
482135964
482138358
482154734
482244596
482347427
482355426
482379320
482426100
482518406
482544939
482584382
482846312
482936537
483162408
483465491
483515259
483569588
483589548
483705025
483827086
483864674
483874879
483966414
484085887
484128027
484153833
484180459
484199943
484205670
484578015
484635894
484645958
484661734
484676452
484684309
484772734
484893089
485015907
485065918
485080288
485213119
485246206
485275186
485306585
485378373
485382388
485402663
485462698
485470196
485544070
485548045
485585751
485588044
485589495
485691964
485814633
485923251
486032160
486051105
486055317
486077158
486197438
486216451
486238354
486259462
486402205
486403626
486582139
486611473
486940923
487009646
487078977
487177335
487287205
487327193
487359106
487471291
487592208
487717970
487829289
488069466
488186804
488366041
488385871
488539299
488594866
488689831
488733230
488751343
488971714
489079291
489137419
489144973
489177338
489179719
489191485
489212501
489260663
489403257
489497777
489522108
489608382
489658239
489819880
489859118
490433647
490488376
490688562
490833463
490877223
490881628
490972790
490988243
490993328
491021711
491067875
491069646
491277969
491345163
491457954
491508473
491558394
491604667
491669463
491865473
491915584
491923830
491977208
491989419
492141286
492205443
492209763
492280857
492341809
492342934
492455102
492466580
492468204
492496394
492704564
492715929
492876827
492898208
492912208
492949948
492956731
492960261
493119291
493123606
493251609
493274407
493390455
493502240
493760216
493812479
493868339
493919868
494029575
494085052
494104545
494200514
494235383
494297440
494313354
494313820
494436551
494529030
494553853
494575012
494578390
494633039
494688293
494691416
494717915
495128737
495138659
495201452
495297710
495302105
495446492
495732823
496023320
496065289
496154227
496275453
496389940
496520833
496662162
496726325
496747763
496834271
496878405
496958054
497091632
497189017
497235516
497278143
497311410
497316858
497325133
497362403
497411823
497628051
497638443
497663493
497684861
497688642
497798641
497813330
498079878
498186592
498443886
498475349
498587344
498790738
498875579
499319739
499322338
499348113
499348250
499373191
499394604
499426684
499429692
499467596
499486135
499516356
499538466
499570583
499646769
499813469
499825972
499833195
499857897
499924970
500159532
500281136
500339780
500345947
500368372
500858377
500923841
501072762
501170287
501326398
501334374
501356560
501363404
501417871
501435235
501661773
501771265
501872639
501936570
501993724
502303063
502315631
502337946
502428052
502451767
502475322
502544201
502567900
502619043
502719358
502780907
502809412
502845706
502914542
502966161
502996206
503223782
503224753
503248307
503259227
503269557
503303518
503415601
503417808
503524087
503682472
503716936
503784934
503905754
503962972
503992689
504068586
504146430
504183469
504183910
504283462
504290560
504440368
504442527
504523862
504594420
504612754
504653329
504804361
504956198
505237765
505248615
505265802
505301580
505336367
505456348
505597123
505634970
505796601
505797357
505824986
506034127
506114665
506161497
506282671
506298910
506333571
506339041
506427302
506466414
506484880
506591587
506773621
506779256
506891500
507004694
507146157
507168028
507208215
507405156
507457970
507522239
507575772
507577877
507648618
507670684
507721089
507753252
507821977
507872260
507897185
507930464
507950816
508006990
508210024
508222307
508253766
508275161
508310017
508312992
508374927
508376697
508426328
508504351
508507217
508667915
508695642
508741193
508777286
508808845
508913193
509042637
509090153
509300781
509324610
509385350
509471861
509647715
509673468
509718880
509755897
509781538
509805892
509812402
509990309
510029984
510079746
510086552
510086767
510148847
510149103
510180613
510305885
510308237
510479280
510637332
510730054
510739151
510760845
510931071
511014332
511120108
511196533
511204629
511245509
511290842
511318197
511386978
511441156
511484270
511712819
511767907
511777456
511795919
512119303
512164142
512219880
512268557
512284901
512287212
512331805
512400073
512436779
512544396
512604043
512687550
513007827
513081167
513153860
513177665
513282456
513291181
513339258
513342049
513435993
513586798
513701423
513747934
514227245
514374388
514396918
514415239
514417740
514435597
514600543
514653500
514756472
514821855
514875205
514886528
515004376
515018526
515159481
515218195
515222589
515239073
515301791
515321358
515439340
515463038
515474973
515538064
515607839
515693546
515809326
515938761
515949706
516070828
516122591
516257436
516350587
516371095
516392775
516413548
516475428
516617750
516636565
516658759
516683069
516814089
516885779
516936989
517153547
517387907
517389081
517392253
517399760
517481544
517536912
517580996
517701847
517805881
517818250
517999674
518057406
518112273
518176009
518311575
518408650
518421967
518424491
518495360
518632283
518657913
518768343
518852295
518866025
518904778
519057152
519069920
519092449
519125051
519211102
519321207
519393195
519439764
519530220
519547662
519591798
519600111
519700878
519738409
519746693
519817626
519982352
520125639
520193430
520381067
520418565
520427485
520641631
520834850
521293001
521333704
521466956
521611748
521642582
521785695
521974494
522054331
522149160
522158541
522212804
522245708
522271518
522287608
522301001
522436042
522478720
522560670
522599404
522657285
522664189
522683710
522779264
522809060
522885925
522942348
522957156
522997439
523065395
523190312
523233396
523242238
523280599
523440512
523458861
523550085
523787887
523846223
523850889
524009348
524270827
524643106
524646003
524682134
524789077
524801151
524845345
524862312
524872075
524890458
524895801
525046213
525058042
525150282
525163217
525176866
525218277
525378573
525385859
525448939
525507476
525549604
525567826
525666765
525668188
525733326
525904001
526085097
526153212
526264649
526401920
526432877
526517382
526549585
526553383
526617354
526697714
526796515
526887643
526981188
527010478
527141608
527266180
527452180
527648168
527956981
528173251
528725446
529546111
530120671
531081830
531353411
531360769
532748074
532803637
533213731
535061634
535153393
536062010
536545651
536581624
536938830
538313846
538697058
538897560
538920434
539256967
539468188
539495623
539734669
539798592
539813557
541312171
541673651
541960017
543016946
543261387
543332516
543334072
543384466
543395527
543504911
543543748
543592778
543793867
543808491
543945478
544151149
544324103
544577973
544595944
544642005
545279408
545556762
545676539
546630884
546745157
546771095
546771612
546810497
546849515
546935261
547385278
548209512
548300429
548536609
548666188
548910471
549009759
549818107
549981254
550071020
550261147
550284854
550517447
550592893
550646372
550952465
551049415
551054004
551225513
551326530
551461028
551828894
552000873
552095775
552133156
552166670
552208803
552263741
552274618
552402468
552530943
553166942
553195271
553577906
553766607
554017200
554414980
554605539
554680633
555047596
555121255
555331602
555705154
555824887
555878239
556215143
556398782
557336461
557647649
557732280
557788230
557903224
558119807
558754239
560445776
560670379
560678054
560876159
562355977
562957559
564074100
564661644
564957589
565576910
565592169
567251193
567424440
569244843
569593898
569624143
570100912
570345503
570375800
570453684
570673608
571334889
571982308
572317125
572460318
572509201
572569953
572616616
572713872
572786255
573596792
573734394
574209153
574229377
574305199
574465930
574531866
575895358
576351497
577067109
577966472
578029633
578152104
578530280
578654756
578746883
579237210
580226606
580662240
581664368
581811746
581916144
582196493
582340769
582649481
583609090
583787020
583824786
583857280
583887196
583957790
584766337
584871215
584949026
585166980
585994286
586449145
586732296
586756910
586773017
586802050
586836127
587289739
587436424
587856646
587881053
588008159
588029856
588069824
588249533
588330167
588515924
588629275
588635474
588697322
588737720
588766008
588768933
588886175
589178207
589454011
589524704
590168481
590377041
590407540
590420981
590421933
590428395
590431920
590438823
590442986
590460600
590465807
590754417
590827820
590840863
591076695
591223854
591268349
591271631
591818492
591825618
591884218
591923875
591964568
592050245
592072852
592346195
592368158
592387597
592464047
592669614
593288384
593305853
593833315
593941564
593985579
594364697
594388774
595245294
595304767
596062811
596175105
596252938
596311599
596961789
597178421
597574232
597771969
597836806
597860481
598136238
598377328
598401276
598446983
598618592
598665753
599235227
599949263
600365791
600897542
601060920
601538765
601779814
601782547
602134861
602146836
602488388
602517909
602546834
602633121
602760364
602769275
602901310
602903325
602926036
602971967
602976510
603095661
603211055
603431527
603906530
603937350
604596495
604623847
604789403
604905517
605396722
605672666
606393007
606406419
606699939
606726109
606858215
607300035
607305646
607360923
608054924
608113640
608115571
608193783
608354516
608553567
608876021
609159453
609239612
609351777
609496261
609522706
609612040
609687667
609821989
609899407
610109130
610175913
610297207
610450339
611222769
611245657
611491940
611671063
611747399
611944896
613187343
613439268
613600200
614399739
614596198
614913770
615361395
615557598
615896687
616312484
616345303
616555267
616642977
616813112
616814724
616830046
616839834
616886944
617223221
617236245
617316982
617568786
617632475
618130296
618160387
618360262
618416182
618690639
618734765
618957510
619490792
619835245
620885835
621190255
621656642
621659362
621995926
622383362
622549785
623410383
623725461
623749122
624212642
624225682
624885671
625100044
625146035
625605620
625658429
625843348
625929596
626075627
626096319
626164379
626193302
626352748
626597181
626719922
626721633
626768902
626847169
626871295
626923468
627108857
627150812
627233416
627292055
627418302
627459737
627479257
627499538
627845993
627870931
627894179
628045268
628142902
628185388
628259807
628300381
628603236
628724886
628815731
628843089
628991350
629011757
629070656
629237775
629246500
629347520
629395745
629629605
629763961
629881250
629882779
629950831
629991654
630102721
630108063
630159097
630214737
630316330
630320289
630537051
630735331
630756664
630776767
630949016
631154474
631234589
631344925
631479389
631617087
631626689
631658004
631692799
631740061
631776172
631916622
632323937
634347430
634800336
634872493
634973178
635273418
636084189
637690395
637970105
638090970
638209361
638330890
638771820
640137243
640369776
640383037
641407541
641485067
642048391
642751521
643205731
643898711
644094303
644684310
644907662
645674066
645803774
645872550
646004313
646007983
646141511
646307388
646478243
646528453
646611092
646667284
646721071
646757541
646960628
647248830
647252747
647307706
647604551
647623618
648020314
648299841
648818226
648862662
649614879
649845815
649897080
650010332
650086874
650091248
650122071
650191796
650300314
650391503
650407984
650732359
650769949
650905617
651012210
651292529
651293028
651308270
651358943
651450080
651572976
651676364
651710894
651740635
652146670
652241415
652323476
652371825
652432753
660094979
660375872
660417721
660551910
660736850
660789987
661165409
661174733
661241498
661354619
661467653
661518856
661527261
661534178
661784999
661787269
662000906
662122874
662421374
662616023
662625050
662718206
662732852
662888905
662898982
663178624
663650897
664154614
665498379
665734304
666628433
666773796
666808697
667013724
667050828
667060517
667068391
667127601
667186581
667286972
667296896
667585544
668058896
668244104
668404180
668432793
668659296
668680786
668766587
668798861
668823915
668840053
669285077
669417357
669691084
669735410
669737512
669804137
669881083
669965091
669994117
670045986
670763311
670906811
671005619
671326155
671400206
671573365
671713515
672081567
672313915
672370429
672468649
672565007
672804139
673052866
673424711
673608825
673652920
673660331
673674543
673735602
673793851
674056856
674485418
674486140
674521116
674651648
674693293
674836284
675047904
675279773
675352359
675671310
675707287
675881634
675986049
676199780
676370649
676565305
676653079
676662409
676914325
676942642
677275411
677319553
677419526
677450452
677797568
677824275
677905263
677909633
677981802
678565175
678701310
678898470
679157939
679277590
679856240
681910940
685577219
687067256
687336679
687384600
687492582
687875665
687879922
687881524
687889949
688015162
688073428
688135080
688136685
688178741
688194258
688222366
688257186
688352037
688354234
688375020
688414181
688553681
688938545
689086452
689121487
689216826
689408753
689510430
689618245
689795931
689826449
689941404
690028745
690053283
690078785
690158908
690202173
690451400
690530023
690545039
690550673
690571996
690600901
690678824
690685517
690688868
690815930
690846039
690962178
691243460
691279806
691313295
691331895
691333117
691379950
691418983
691570631
691662791
691684179
692025850
692122811
692185505
692239574
692378367
692388704
692566358
692615896
692735973
692767738
692825508
692939933
693207675
693221904
693586271
693590554
693870545
693889935
693974856
694252604
694393507
694746342
694767611
695070089
695113877
695216977
695256518
695323577
695598520
695611954
695627832
695661801
695735080
695759463
695926622
695927670
696067515
696211192
696255195
696271602
696494563
696511853
696512180
696564039
696796763
696899600
696953308
696960308
697022406
697024331
697056735
697115026
697167723
697637274
697887119
697960501
697977948
698145735
698200886
698225566
698247180
698408047
698436821
698467590
698501456
698505426
698527829
698783027
698800332
698924937
699082330
699366156
699399929
699671625
699956129
700163853
700185396
700361204
700393815
700438854
700489957
700502295
700776946
700792942
700819449
700919471
701024098
701080525
701097646
701105271
701188088
701232342
701304676
701336236
701350013
701369306
701447088
701467838
701500294
701537072
701634051
701647994
701803931
701874166
701888270
701942443
701953436
702207447
702279816
702419144
702497560
702610864
702639671
702670895
702762860
702764479
702768536
702792712
702799355
702865545
702916153
703021266
703093677
703144846
703204039
1000201870
1000356155
1001857898
1002955415
1003909392
1004031271
1004214438
1004570345
1004809329
1005062086
1005858190
1006298943
1006746717
1006989322
1008441588
1008607995
1010454162
1010661870
1010701164
1011718475
1012352587
1012831085
1014492169
1014727662
1014829778
1015034777
1015127416
1015154261
1016257526
1017074042
1017862250
1018982353
1019196793
1019545950
1020982793
1021493092
1022039434
1022120378
1022324254
1022517364
1023047269
1024365770
1024555656
1024953236
1025171040
1025326942
1025354378
1025701451
1025858793
1026106739
1026269798
1027834100
1029299013
1030656372
1030820143
1032009090
1032157556
1033291270
1033413299
1033737804
1034593763
1034682901
1034846009
1035566688
1035834894
1035848938
1036041603
1036374077
1037129556
1037446337
1037642817
1038295523
1038419415
1039844038
1040414132
1040795942
1041831937
1042622989
1045093440
1045242163
1045382151
1046855468
1048234664
1048416344
1049009186
1050671885
1050719088
1053235023
1053281400
1053982822
1054055804
1054253037
1054420134
1055039649
1055809407
1056567834
1056709468
1057793481
1057812910
1058342876
1059248655
1059344307
1059352123
1060331672
1060944543
1061846943
1061904345
1062117964
1062327431
1062496343
1063352629
1063865415
1064671845
1065386781
1065526986
1066016559
1066115382
1066405009
1066517253
1066939590
1067042262
1067108559
1067449216
1068612669
1069225402
1069305426
1069426031
1070149214
1071877225
1072013734
1072479846
1072983210
1073630873
1073791436
1074445139
1074464541
1076006198
1076608496
1077981418
1078845308
1078929314
1079016307
1079302621
1079598906
1080094395
1080127447
1080326572
1081083865
1081097537
1081310239
1082698625
1083441088
1083550961
1083922445
1084932473
1085002329
1085175096
1085368786
1086083194
1088021892
1088104271
1088182129
1088531934
1088568916
1089597704
1089782485
1090270271
1090279814
1091571444
1092122078
1092352824
1092761185
1092866803
1093131891
1093314720
1094095043
1094727600
1094848861
1095815612
1096536296
1097465246
1097696507
1098405008
1098431041
1100153381
1100679483
1100715222
1100817179
1101233355
1102632233
1103057431
1103305616
1103505401
1104488103
1104966433
1105539941
1105718053
1106480552
1106657950
1107049217
1107067011
1107168006
1107200172
1107750436
1111015451
1111813286
1112683404
1112996825
1113566955
1113669909
1114244360
1114332260
1114450737
1114903112
1115348810
1115959800
1116267855
1117085799
1117091020
1117337699
1117628463
1118288518
1118445349
1118780754
1119199803
1119204382
1119284377
1119843860
1120453801
1120488175
1121033120
1122421906
1122637365
1122802594
1123284834
1123894602
1125096540
1125421623
1125680289
1126009713
1126030809
1126051728
1126280721
1127246689
1127566960
1127750072
1127882388
1128279600
1128296607
1128544680
1130814864
1131057086
1131524756
1131965555
1132173821
1132180128
1132940791
1133850310
1134388317
1135172182
1135517758
1135810490
1136327967
1136353203
1136784056
1137169328
1138746589
1138987584
1139022302
1139025834
1139634276
1140106607
1140507522
1140829358
1140929908
1141054867
1142639022
1143046620
1143145712
1143475248
1143563962
1144381346
1144516730
1145172284
1146446737
1147243312
1147273017
1148010201
1148405943
1148866445
1149418407
1149696893
1150715373
1152500198
1152570406
1152876279
1153041894
1153266537
1153997038
1154314034
1154757003
1155424103
1155474601
1156026116
1156160993
1156179246
1156222519
1156423808
1156981463
1157010563
1157193650
1158163383
1159668486
1159848248
1159936092
1159959619
1160018311
1160159090
1160552653
1161352398
1161514762
1162176191
1162584792
1163296547
1163678871
1163774539
1165033714
1165600387
1165918230
1166914399
1167208986
1167976192
1168898861
1169338470
1169344581
1169455858
1169473636
1170090159
1170094719
1170268958
1170727244
1170961674
1171405448
1171515268
1171667607
1171726210
1172378234
1172682758
1173182718
1173255533
1173914649
1173998963
1175423817
1175980583
1176601578
1176939696
1177308648
1177826456
1178728260
1179446574
1179710712
1180093054
1180148926
1180436796
1180876461
1182335933
1182956771
1184561506
1184631245
1185029867
1185985316
1186143971
1186147553
1186312972
1186575500
1186841702
1186910259
1187197943
1187503806
1187591117
1187747564
1187961446
1188078338
1188395415
1189162794
1189436812
1189937390
1190642254
1190645568
1191297764
1191521041
1191698632
1192166921
1192198148
1193356994
1193365092
1193479617
1194130427
1194565409
1195084637
1195344905
1195552959
1195787972
1196055023
1197168313
1197983917
1198123952
1198795369
1198803215
1198853865
1199088284
1199142383
1199446660
1199488768
1199925412
1200119006
1200235429
1200862970
1201396742
1202664203
1202850402
1203944704
1204054613
1204498794
1205405040
1205868495
1207411990
1207414822
1207764697
1208608638
1209712465
1209729255
1209920394
1211080546
1211205040
1211229199
1211574616
1211928688
1213106868
1213268038
1213463175
1213899543
1214338934
1214525939
1214881055
1214985530
1215211216
1216922213
1216961177
1217358556
1217513330
1217606033
1218315738
1218394062
1219015702
1219453757
1220452839
1220539863
1220784138
1221159048
1221352652
1221823117
1221834673
1222021632
1222041092
1222178157
1222352445
1223032496
1223771406
1224005897
1224034462
1224746708
1225526145
1226056799
1226530639
1226990650
1227345831
1228340815
1229251457
1230665807
1230838194
1231395333
1231654840
1232086781
1232675295
1234570252
1234658448
1234797545
1235661033
1235763314
1235783816
1236603131
1236817963
1236924299
1237053838
1237190676
1238116069
1238211423
1238327343
1238469468
1238484080
1239164457
1239613864
1240358006
1240580480
1240857983
1240904937
1241871499
1242397744
1243031106
1243032144
1243127131
1243780015
1243785286
1243843369
1244768244
1245598894
1245954519
1246047768
1246617965
1246656753
1247059069
1247153355
1247818392
1249154698
1249254705
1249486021
1249574531
1250102389
1250959764
1251050625
1251285986
1251497319
1252439257
1253238040
1253599710
1253643435
1254222736
1254300333
1254333130
1254336522
1254816675
1255449127
1255904627
1256474787
1257271748
1257941795
1258008132
1258258397
1258542382
1258825240
1259264523
1259634518
1260815498
1261005618
1262381324
1262848728
1263732318
1264746418
1265076595
1266159408
1266941094
1267164161
1267582413
1268321176
1268379427
1268425974
1268592722
1268737119
1269459370
1269677623
1270042008
1270240076
1270256064
1270551277
1271729922
1271763245
1272448144
1273138316
1273382182
1274257433
1274328204
1275619083
1275847264
1277355066
1277991966
1278800191
1279304408
1279352548
1279893248
1280081052
1280116354
1280179953
1280853052
1281247938
1281587158
1281903368
1282178116
1282946231
1283614797
1283708366
1284208006
1284568264
1284580245
1285145996
1285209182
1285364760
1286189380
1286449746
1287110016
1287434148
1288109246
1288188594
1289269192
1289436646
1290836712
1290990290
1291623969
1292078101
1292685510
1292819448
1293239138
1293390124
1294122227
1294419722
1294701494
1294740645
1295634780
1296038129
1296084869
1296801901
1296858028
1297323971
1298645438
1298748734
1298949722
1298965369
1299638894
1299656354
1300473349
1301167028
1301491952
1302481871
1303154028
1304107075
1304330766
1304449068
1304545294
1305143619
1305257707
1305328265
1305595780
1306093513
1306149434
1306597825
1306599375
1309615874
1309667787
1310261834
1311532531
1311606096
1311771573
1312790029
1313153466
1313225629
1313280693
1313465415
1313731248
1315088681
1317366992
1317800535
1318025068
1318049395
1318839746
1318967618
1319007098
1319190609
1319376593
1319446377
1320425891
1320907480
1322306467
1324143591
1324684854
1324884124
1325252833
1325862576
1328370080
1328561435
1329701318
1329965361
1331093448
1331326031
1331395118
1331991526
1332396618
1333554336
1333936479
1334313660
1335610426
1335722137
1336351688
1337037661
1337527491
1337753566
1337780560
1338250891
1338760085
1338843448
1339042663
1339092016
1339749839
1340236418
1341023142
1341285066
1341884051
1341894618
1342597583
1342781841
1343174705
1344426137
1344490028
1345301145
1346251918
1346259467
1346322949
1346720519
1346807356
1347207338
1347287571
1347932491
1348374098
1348463390
1348802273
1348807115
1349604872
1349855720
1349877987
1350124631
1351377713
1351490650
1351994314
1352349846
1352440305
1352739423
1353012215
1353268430
1353276080
1353337013
1353709050
1353860672
1354110728
1355140408
1355439996
1355454891
1356008287
1356083638
1356152090
1356958709
1357422108
1357625318
1358159378
1358666604
1358949963
1359051883
1359378833
1359421716
1359509431
1359615462
1359725979
1359727283
1360335984
1360570896
1361439059
1361457399
1361608611
1361610209
1361701134
1361728859
1361852567
1361863940
1362128128
1362270339
1362413212
1363042278
1363445034
1364024887
1364180762
1367280475
1367794691
1368351311
1368847617
1369582547
1369664695
1369735194
1369852838
1369982812
1370173225
1370248982
1371414603
1371420249
1372118799
1372628601
1373358725
1373667666
1373880144
1373883532
1374507582
1374636633
1375132917
1375408043
1375604746
1375701288
1375835311
1375970880
1375997694
1376351785
1376837629
1377103473
1377543145
1377959932
1378959073
1379540052
1379866420
1380401399
1380476102
1381306690
1382231100
1382595933
1382980199
1383110469
1383114440
1383314866
1383504801
1384079323
1385234210
1385292542
1385854245
1386641938
1387267418
1387282768
1387866006
1388166281
1388394910
1389152467
1389190359
1391319036
1392370291
1393510494
1393597143
1394043347
1394189183
1394241986
1394353662
1394965109
1395207062
1395428574
1396454486
1396655786
1396981261
1398093977
1398207123
1398256494
1398475763
1398731644
1399023202
1400237231
1402432565
1402513018
1402675621
1402724840
1402942536
1404834651
1405167579
1405259135
1406069851
1406842109
1407351263
1408357616
1409025827
1409471807
1410683831
1410719679
1410944857
1411047371
1411220718
1411485328
1411523961
1412524467
1412564126
1413068373
1414878789
1415439370
1415628663
1416186024
1417424341
1417640250
1418056907
1418066773
1418272741
1418283139
1418889053
1418948546
1419403620
1420037497
1420612069
1420762993
1420792397
1421003442
1422051951
1422329786
1423793534
1424095089
1424735058
1425474381
1426024568
1426140893
1426390907
1426753145
1427122899
1427143688
1427235023
1428367270
1428931288
1428940585
1429000523
1429092956
1430293302
1430487700
1430503629
1431046536
1431161925
1431479883
1431521822
1431580166
1432606880
1432842373
1433078724
1433194952
1434266746
1434745382
1435143848
1435543081
1435903510
1435915168
1436081080
1436247995
1436883750
1436946043
1438164588
1438630747
1438897513
1438917773
1438929198
1439391711
1439664777
1439751725
1440843640
1441997728
1442390049
1442696177
1442913893
1443234606
1443244802
1443336737
1443665296
1444571543
1444810064
1444928609
1445096775
1447456832
1448267841
1450500887
1450964176
1451607125
1451723665
1451891430
1452165389
1452258109
1452435426
1452539336
1452639085
1453074675
1454391355
1455149557
1455882227
1456844297
1456989823
1457526378
1458193245
1458475593
1458995092
1459079655
1459707341
1459903380
1460946826
1462529903
1462883423
1462925108
1467471276
1468287768
1468337275
1468415128
1468809051
1469447695
1470104954
1470272443
1470823881
1470950033
1471186237
1471355374
1472316635
1473094262
1474523338
1475369027
1475449067
1475770460
1476016829
1477265480
1477613943
1477649889
1478639825
1479785316
1479847774
1479883040
1480201348
1480386488
1481368939
1482212874
1482945614
1483903469
1484147944
1484673311
1484787820
1484916232
1485041859
1485708134
1486120041
1486231830
1486523001
1486526108
1486546897
1487636110
1488055690
1488392776
1489289362
1489682045
1489726275
1489779116
1490168511
1490270113
1490841456
1491218025
1491441730
1491790883
1492067200
1492643146
1493536707
1495136434
1495238134
1495395961
1495438508
1495471531
1495529252
1495834119
1496009900
1496220925
1496440373
1496699981
1496928049
1497158363
1497462144
1498740525
1498937707
1499434622
1499593360
1499770243
1500213867
1500787744
1500911350
1501389983
1501407890
1502075933
1502214253
1504463711
1504758437
1504785400
1505043565
1506589472
1507081559
1507668689
1507731115
1507820246
1507964826
1508280097
1508362133
1508847272
1509510724
1509619012
1510181198
1510290202
1510586880
1510622058
1511362683
1511450855
1511933781
1512380028
1512958997
1513867656
1513923969
1514249871
1514310933
1515000521
1515739926
1515831907
1516048534
1516726402
1517203581
1517349112
1517911014
1518777676
1518921598
1519129241
1519446512
1520649407
1520699271
1520708563
1520752490
1520870148
1521729090
1523023150
1523152025
1523320487
1523410989
1523820867
1523955805
1524416275
1524757608
1524780315
1524804000
1524845607
1525290979
1525570588
1525634099
1526153082
1526291673
1526431156
1527505277
1528256955
1529167905
1529174836
1530016405
1530713735
1531055315
1532345427
1532387950
1533521878
1533540276
1533895229
1534078650
1535822891
1536675612
1536813867
1537411550
1539171603
1539398965
1540074874
1540872746
1541548654
1541619439
1542626485
1543982400
1544110389
1544169402
1545281581
1545372472
1546320435
1546452677
1546578784
1546684894
1547296928
1547954853
1548761321
1548912335
1549592679
1549820718
1550428212
1550640777
1550750918
1550866712
1551050039
1551416238
1552406124
1552434970
1552619152
1553907679
1554846902
1555114321
1555729257
1555930038
1556197880
1556319181
1556448906
1556543093
1556577228
1556580275
1557691021
1558204420
1558617015
1558622323
1558726940
1559087239
1559469562
1560028129
1560066518
1560299942
1560667669
1560870841
1560960149
1561548032
1561910393
1563183047
1563385320
1564872069
1564935658
1565603353
1565709538
1566036663
1566294298
1566317757
1566778283
1567102848
1567313017
1567563454
1568043103
1568680227
1569919055
1570267493
1570667464
1570982343
1571453749
1572602219
1572812728
1573360584
1573392739
1573628226
1574467463
1575010528
1575964711
1576497299
1576601731
1576757192
1576965881
1578343112
1578577887
1578758069
1579474666
1580374891
1580452906
1580563915
1580740146
1580826645
1581021340
1581717809
1581741844
1581995774
1582270661
1582341305
1583221747
1583501717
1585134576
1585345014
1585461207
1586111547
1586531788
1586610404
1590554631
1591206123
1591249671
1592032260
1592066644
1592395512
1593046206
1593246172
1593350370
1593700045
1594194259
1594820489
1595201752
1595610738
1595767353
1596210015
1596697404
1596757683
1596817292
1597004490
1597841104
1598093270
1598346138
1598756981
1599173931
1599435768
1600344724
1600422605
1602018019
1603146655
1605310690
1605434265
1606280879
1606544986
1606900059
1608313111
1608651634
1609492039
1609615295
1610305629
1610756043
1611625141
1611837188
1612356576
1616302430
1616318847
1617642546
1617949819
1619632701
1620644696
1620730840
1620912499
1621225980
1621726436
1622174576
1622777305
1623500937
1624116613
1624417547
1624815945
1625445454
1628235789
1630374302
1630394110
1630730672
1630920070
1630980399
1631143700
1631989824
1632110809
1632176489
1633082183
1633327807
1634381289
1634927664
1635415556
1635805105
1636030449
1636468596
1636484435
1636505558
1637136772
1637605676
1638182920
1639081803
1639115084
1640177914
1640456365
1640586866
1640671529
1640880686
1641558949
1643151361
1643662730
1643725416
1644142475
1644331229
1644629727
1644777876
1644845701
1645123459
1646212867
1646533737
1646995483
1648922097
1649262125
1649463005
1649753459
1650405062
1650935227
1651075020
1651349265
1651384956
1651652308
1651920846
1652334277
1652847295
1653011935
1654137134
1654193447
1654836338
1655240355
1655795330
1656075950
1657113679
1657440118
1658073827
1658241802
1658841938
1658888496
1659066260
1659191796
1659284872
1659380035
1659631209
1660805994
1660835239
1661858441
1661895377
1661973506
1662197697
1662290468
1662292013
1662379248
1662690120
1663541600
1664068856
1664275261
1665510651
1665625301
1666605902
1666979898
1667536806
1668918664
1669038013
1669284765
1669557783
1669866365
1670269546
1670577924
1670849351
1670903975
1671251123
1673436844
1673506802
1673773614
1674983018
1674991679
1675674240
1675996260
1676092878
1676569489
1676581717
1676604115
1676807636
1678151654
1678837278
1679614608
1679642763
1680286831
1681608959
1682791710
1682819177
1683666990
1684339004
1684651500
1684676761
1684742146
1685893587
1686499355
1686800132
1688123633
1688899022
1689047458
1689219100
1689832741
1689908046
1689970591
1690639964
1691329872
1691363183
1691454284
1691456515
1691759938
1691969347
1692354285
1694075149
1695887894
1696059214
1696171508
1697284961
1697516695
1698170549
1699789137
1699789189
1700211695
1700477031
1700875727
1701661470
1702238044
1702252447
1702534583
1702664634
1702720802
1702792630
1702977530
1703852063
1704117617
1704379221
1706599003
1706718590
1707359649
1707517159
1708175484
1708971511
1710071512
1711631777
1712468507
1713273105
1713590703
1714813859
1716066765
1716493866
1717270551
1717455679
1719197793
1720156130
1720196900
1720549625
1720627189
1721560337
1722327292
1722539462
1722607601
1724519956
1725547726
1726008739
1726021171
1726147262
1726885680
1728898287
1729007429
1729044988
1729681589
1730553123
1730990119
1731857688
1732190462
1732857251
1732905570
1733388910
1733944718
1734362565
1734427727
1734748670
1735883085
1736064086
1736923656
1737598460
1737963331
1738132102
1739891073
1740663890
1740981630
1743397692
1743633500
1743928593
1744873903
1744888077
1745168267
1745800926
1746044352
1746288646
1746307202
1748069174
1748362672
1749350454
1749448134
1749723778
1749757396
1750247503
1750326048
1751196697
1751275102
1753095266
1753614866
1754120233
1754429064
1755982134
1756012369
1756075692
1756777245
1757159201
1757947584
1758160824
1758280108
1758516709
1758765384
1759046935
1759209386
1760427996
1760454108
1760492734
1760589674
1761394219
1761557547
1762208158
1762648424
1763590475
1763796159
1764143655
1764671013
1764765981
1766181158
1766534708
1766753021
1766896159
1767099460
1767188609
1767892868
1768115535
1768482951
1768494108
1769095683
1770423666
1770428131
1770728074
1771296580
1771485351
1771624673
1771946667
1772073533
1772910251
1772971867
1773270225
1773580906
1773676083
1773756857
1774090840
1774568365
1775681239
1775772705
1776314236
1777186455
1778148626
1778291881
1779890190
1780713868
1780814660
1781098517
1781869529
1781986093
1782221591
1782501922
1782779252
1783109192
1784516560
1785100622
1785607957
1785852450
1786047975
1786142772
1787347180
1787859081
1789564232
1789712187
1789872635
1790830165
1791431925
1791733839
1791818744
1791899302
1792748692
1794500097
1794518892
1795017366
1795476303
1796221323
1796832234
1796868972
1797644338
1797683253
1797942668
1798210443
1798287163
1798474766
1800498213
1800731951
1801836291
1802128628
1802384159
1802562232
1802589563
1802851251
1803178027
1803203794
1803573370
1803755812
1803920505
1803950861
1804277275
1804640795
1804816548
1805118063
1805698336
1806299384
1806315961
1806952458
1807191730
1807503409
1807613824
1807786488
1808351998
1808734132
1808845498
1810413745
1810671711
1811624690
1811647802
1811826734
1814563275
1814753975
1815788018
1816121689
1816670806
1816971406
1817487556
1817806195
1817982451
1818414094
1819075611
1819414476
1820122128
1821411202
1821547621
1821870783
1822550726
1823755674
1824073280
1824335832
1825913403
1826923897
1827153729
1827524240
1827640208
1828167044
1829928025
1830415572
1830912495
1831038520
1831362014
1831521650
1831735458
1831841385
1831951537
1833207462
1833484160
1834817164
1835108929
1835195525
1835286337
1836296815
1837049551
1837132537
1837809664
1839010238
1839363582
1839721150
1839723332
1840567862
1840843711
1840870109
1841032811
1841292077
1842064402
1843062404
1843149500
1844261676
1844633907
1844658088
1844745864
1844989623
1845345495
1845865404
1846660073
1846875154
1847085214
1847732821
1848243159
1848575083
1848899719
1850507076
1850711678
1851603732
1851660633
1851826624
1851834384
1851982587
1852900847
1852973309
1854628027
1854703987
1855214275
1855364164
1855675438
1855696842
1855781831
1856567048
1857478886
1858694703
1859456886
1859495330
1859690198
1859930584
1860337569
1861020026
1862640443
1862733945
1862745629
1862751083
1862811412
1862866684
1862963520
1864305868
1864489639
1864609068
1865103286
1865159409
1865392534
1865765981
1866651369
1867023854
1867331600
1867465864
1868977235
1869663624
1870987629
1871165767
1872343496
1873017823
1873179763
1873551200
1873592678
1873937566
1874832413
1874963071
1876110829
1876612570
1877811206
1877845252
1877968700
1878381311
1878716227
1879226077
1879295805
1879979689
1880023232
1880223352
1880275155
1880353122
1880510503
1880643712
1880963047
1881715838
1881822851
1882059703
1882389214
1882596557
1882982523
1883276155
1883615920
1883819522
1883901553
1884299653
1884374217
1884706930
1885364324
1885666986
1885719579
1885749987
1885812676
1886507301
1886685162
1887345928
1888395485
1888414285
1888849349
1888969419
1889458537
1889765756
1889871671
1890085453
1890161754
1890338623
1890486748
1891579366
1892578530
1892846335
1893135334
1893398503
1893440757
1894144513
1894389332
1894459578
1894470453
1894527846
1894792835
1894795254
1895016174
1895130328
1896853555
1898078533
1898858194
1899151607
1899258009
1899805268
1900415806
1900545770
1901339210
1902219373
1902703331
1904021269
1904371022
1904639664
1904733309
1905137619
1905648823
1906854511
1906968225
1907414561
1908157322
1908211307
1908799984
1909099762
1909572059
1910117309
1910134749
1910337714
1910442087
1911159551
1911333567
1912109255
1912308946
1912638131
1913457640
1913717902
1913832254
1913908567
1914406734
1914470723
1914687657
1915293181
1915632884
1915944266
1916453915
1916755075
1917031202
1918185001
1920346417
1920613650
1920736362
1920797517
1920817540
1921261842
1922375931
1922774818
1922850076
1922943422
1923194458
1923486939
1924171810
1924339851
1925894692
1926091733
1926331312
1926712689
1927898987
1927996286
1928010057
1928297435
1928635517
1928853641
1929252089
1929574333
1929650049
1929858210
1930074130
1930398280
1931360933
1931795914
1932245080
1932508909
1932684806
1933020320
1933090388
1933295935
1933448483
1933531644
1933705299
1934396920
1934554042
1934712098
1934760776
1935066220
1935115789
1936753966
1936891197
1936917203
1937243337
1937511003
1937541196
1937579100
1937587074
1937631653
1937878399
1938835498
1939017218
1939630819
1939692529
1943215519
1943662392
1943972965
1944095916
1944432640
1944467184
1945840217
1947564610
1947570501
1947623661
1947932910
1948418534
1948574901
1948977923
1949460257
1949852506
1949860727
1950128493
1950731644
1950943131
1951008367
1951523438
1951621364
1951928581
1951983562
1952789571
1953273445
1953287756
1953597777
1954986631
1955387250
1955534618
1956683631
1956844937
1957492198
1957521650
1958800124
1958934293
1959829114
1960331094
1962165252
1962277245
1963436815
1963911065
1964039780
1964087503
1964933049
1966109702
1966468771
1967954664
1968187201
1968727427
1968840231
1970131477
1970183484
1970453886
1972664115
1972702890
1972760264
1973411717
1973921485
1974118480
1974366162
1974579638
1974687984
1974728156
1974811035
1974846857
1975248580
1975529962
1975610957
1975637283
1975995365
1976284667
1976302137
1976574911
1976646220
1977147382
1977483313
1977719846
1978722646
1978767035
1979167662
1980438062
1980856226
1981888273
1982569501
1983009776
1983242878
1983571632
1983589505
1983784108
1983813802
1984097412
1984355083
1984364429
1984391846
1985121258
1985443461
1985918615
1986167765
1986242140
1986503640
1987287493
1987660905
1987926493
1988063539
1988227303
1988573498
1988682511
1988813837
1989032611
1989852904
1989968861
1990007263
1990231702
1990487716
1990923111
1991042457
1991080747
1991208873
1991395549
1991400318
1991484611
1991541171
1991612094
1992225111
1992537531
1992566364
1992914951
1994158679
1994185379
1996019480
1996210755
1996213777
1996730706
1996891730
1998114123
1999103487
1999149127
1999710495
1999785532
1999933785
2000579235
2001487499
2001707361
2003341199
2003400991
2003458683
2003468858
2004266008
2004324451
2004521217
2004690489
2005356740
2005386728
2006326058
2006934214
2006961985
2006969341
2007077798
2007262949
2007329378
2008347374
2009285802
2009450905
2010159338
2010653408
2010898438
2011807930
2012186767
2013710182
2013924995
2014243015
2014509685
2014531726
2015321216
2015561988
2015600131
2016779067
2016888991
2017214429
2018022535
2018844731
2019267300
2019513479
2019818888
2019900348
2020624371
2020829577
2020904424
2021711713
2021976082
2022065713
2022977246
2023139489
2023322051
2023424235
2023547780
2024089696
2025131375
2025906710
2026218100
2026652630
2026786695
2026838098
2026866815
2027306087
2027431495
2027639302
2027683950
2028102477
2028212163
2028677253
2028920916
2029053851
2029489312
2029746618
2029913057
2030152973
2030302710
2030707893
2031011261
2031556369
2031876601
2032413193
2032545228
2032552153
2032977932
2033042527
2033452646
2033547088
2033924791
2034538872
2034972216
2035172924
2036708233
2036880431
2036958880
2036978674
2037093558
2037338597
2038065609
2038103089
2038189212
2038523783
2039333307
2041028974
2041824694
2042056350
2042208134
2042673269
2043992693
2044147119
2044478154
2045817027
2047164257
2047655865
2048379176
2048863162
2049633226
2050141413
2050437310
2051131791
2051640485
2052064999
2052381886
2053786299
2053786752
2054651480
2055190932
2055808374
2055978994
2056086434
2056563608
2058432667
2059700455
2059895533
2060044424
2060173067
2060306124
2060743267
2060903603
2061146820
2062421069
2063354080
2064506387
2064678800
2064779159
2064984321
2065268071
2065326668
2066141552
2066439208
2066588795
2066903031
2067394568
2067524215
2070771325
2071008934
2072252181
2072264068
2072464380
2072557768
2073317026
2073492778
2073880281
2075014166
2075178245
2075256224
2076001597
2076798603
2077031523
2077357476
2078700692
2079254810
2079524189
2079853745
2080189588
2080649098
2080783030
2082189472
2083295040
2084032583
2084989554
2085579875
2085826692
2087006825
2087093837
2087558067
2088040332
2088692404
2089473555
2089626538
2090603258
2091533019
2091754383
2091988292
2092129687
2092770773
2092771376
2092924405
2094238213
2095821359
2096093885
2096440572
2096670596
2096729160
2097652709
2100898232
2101220216
2101291556
2101939408
2102051235
2102522458
2102879704
2102960742
2103280275
2103967309
2104355063
2105570155
2105612064
2105752217
2105894026
2106233826
2107778265
2108195774
2108415193
2109282137
2109701197
2109702420
2110106439
2110142771
2110298584
2111225661
2111330013
2111417330
2112040687
2112154630
2112502574
2112774787
2113766663
2114369451
2114386952
2115342806
2115744793
2115797725
2115864371
2116085057
2116468667
2116510971
2116550126
2117698759
2117948770
2118096926
2118362927
2119270137
2119485402
2120365793
2121338149
2121771649
2121915818
2124027072
2124036725
2124219477
2124835140
2124899505
2124917874
2125460478
2125491110
2125552437
2125861082
2125984523
2127373440
2127675427
2128576392
2128691507
2129272727
2129692078
2130873281
2130880975
2131104384
2131306419
2131836539
2133078122
2133274147
2134041410
2134046329
2134512534
2134512837
2134577696
2135340097
2135827709
2135856401
2136144990
2136340132
2137589551
2137936022
2137973774
2138059469
2138135244
2138212696
2138442623
2139316935
2139358942
2139362477
2139610299
2142101977
2142826823
2142876736
2143290958
2143983755
2144006232
2144223336
2144249194
2144310341
2144462306
2144587162
2144619125
2146696946
2146847852
2146898203
2147075411
3461562431965569
3461562543114443
3461562551503216
3461562566183515
3461562704595594
3461563033847845
3461563367295704
3461564348762399
3461564497660030
3461564757707235
3461564908702548
3461564940159722
3461565124708759
3461565850323454
3461565984540882
3461566368319973
3461566619977793
3461567127488922
3461567295260726
3461567318330095
3461567834228912
3461568593398696
3461569128172316
3461569207864248
3461570201913924
3461570334033961
3461570839447571
3461571057552023
3461571072231819
3461571160311876
3461571531507824
3461571623783245
3461571908995471
3461571984492900
3461572059990835
3461572301162778
3461572531849938
3461572720593230
3461572802382190
3461572810771081
3461572986932169
3461573068720826
3461573100177651
3461573255367004
3461574123588023
3461574511560784
3461574551407212
3461574694013497
3461575134415679
3461575224592746
3461576313014661
3461576709376652
3461576971520255
3461577034434978
3461577055406449
3461577093155396
3461577093155579
3461577468545911
3461577781021107
3461577783117942
3461577990736165
3461578450012820
3461578783459389
3461579276290583
3461579324525422
3461579423091057
3461579446160339
3461579544725852
3461579595057888
3461579704109156
3461579739761468
3461579787995719
3461579823646833
3461580412946662
3461580744296593
3461580897389144
3461581146949993
3461581478300451
3461581679626315
3461581870467295
3461581904022462
3461582023559431
3461582086474421
3461582164069195
3461582296189882
3461582547847805
3493074485381138
3493074797856840
3493074894326542
3493075286493315
3493075336825082
3493075668174892
3493075810781716
3493075829656427
3493076095994091
3493076397984567
3493076404275546
3493076754499807
3493077004061493
3493077043907352
3493077087946992
3493077306051145
3493077878573639
3493078843263538
3493078929246768
3493079032007243
3493079057173298
3493079155738995
3493079306733653
3493079466117761
3493079602432326
3493079958948492
3493080202218146
3493080269326862
3493080529374058
3493080577608584
3493080585996824
3493080963483870
3493081450023528
3493081615698039
3493081917688768
3493081965923125
3493082213386628
3493082439878785
3493082540542733
3493082559416364
3493082563611382
3493082571999938
3493082720897986
3493082850921323
3493083228408005
3493083232602576
3493083249379592
3493083270351515
3493083303906201
3493083396180694
3493083612187293
3493083836582665
3493083844970675
3493084337801862
3493084339898596
3493084358773222
3493084799175096
3493085040347189
3493085222800306
3493085453486171
3493085757574103
3493086430759848
3493087015864537
3493087028447244
3493087349312233
3493087355602999
3493087447878326
3493087890377161
3493087974263289
3493088666323775
3493088915884072
3493088934758887
3493089205291064
3493089595361784
3493089756842564
3493090039957556
3493090098678731
3493090268547737
3493090297907252
3493090316782013
3493090549565607
3493090713144155
3493090778155860
3493090883012770
3493091042396668
3493091044493839
3493091170322596
3493091434563777
3493091698805531
3493091732359956
3493091736553691
3493091736554327
3493091757525962
3493091770108281
3493091807857351
3493091952560614
3493092046932124
3493092076293050
3493092384573801
3493092451682726
3493092558637781
3493092749478452
3493093487675520
3493093680613852
3493093871454895
3493094206998714
3493094360091540
3493094494308983
3493094494309289
3493094496406051
3493094571903433
3493094718704052
3493094905350627
3493095203146410
3493095467387498
3493095519816140
3493095589022227
3493095597410467
3493095620479355
3493103830829440
3493103906327498
3493104229288299
3493104327854265
3493104359311848
3493104453683276
3493104577415679
3493104596290416
3493104982165986
3493105116383596
3493105208658096
3493105279962018
3493105395305334
3493105867164390
3493106223680217
3493106234165869
3493106427103701
3493106724898869
3493106957682894
3493107490359791
3493107991578765
3493108077562199
3493108291471640
3493108295665881
3493109411351076
3493109906278587
3493109910473540
3493110069856339
3493110701099723
3493110929689272
3493111011478057
3493111399451454
3493111445588786
3493111523183580
3493111883892769
3493112187980332
3493112297031924
3493112399792370
3493112685004964
3493113039424166
3493113607751906
3493113700027086
3493113937004704
3493114304006205
3493114425641102
3493114471779254
3493114603899695
3493114878626321
3493115084147443
3493115327416772
3493115398720379
3493115465829024
3493115526646150
3493116094974931
3493116220803870
3493116269037732
3493116304689976
3493116359215744
3493116879309371
3493116975777839
3493117078538805
3493117099510329
3493117346974635
3493117500065869
3493117586049215
3493117829318778
3493117841902511
3493118057908870
3493118087268753
3493118410229908
3493118976461144
3493119144233934
3493119444126367
3493119664327576
3493119670618509
3493119830002228
3493120241044370
3493120679348623
3493120763235181
3493120922618817
3493121098778948
3493121188956325
3493121432226606
3493121904085775
3493122153646942
3493122600340054
3493122795375353
3493122965244136
3493123051227861
3493123244165458
3493123365800679
3493123781036450
3493124951247100
3493125100145237
3493125368581064
3493125664278931
3493125687347825
3493125899159687
3493125928519786
3493126463293521
3493126570248592
3493127627213625
3493128289913079
3493128478656889
3493128552057721
3493128581417759
3493128594000673
3493129359460775
3493129445444031
3493129791473868
3493130007481017
3493130504506173
3493130745678157
3493131043474261
3493131284646337
3493131309812300
3493131485973134
3493131754408302
3493132008163803
3493132253531047
3493132362582979
3493132847024337
3493132920425317
3493133086100250
3493133427935689
3493133985778173
3493134099024750
3493134411499580
3493134587660480
3493134946274106
3493135380383773
3493135485241493
3493135489436283
3493135837563312
3493135950809849
3493135973877896
3493136166816183
3493136236022476
3493136447834774
3493136552692646
3493136697395904
3493136726755856
3493137104243519
3493137135700808
3493137267821487
3493137278306563
3493137414622097
3493137733389085
3493137777428515
3493138064738699
3493138238802375
3493138584832262
3493138656135995
3493138735827656
3493138976999862
3493139444664703
3493139578882840
3493139891357879
3493140296109017
3493140361120109
3493140461783237
3493140658915438
3493140677790662
3493140692470428
3493141021722728
3493141124483810
3493141489387566
3493141529233463
3493141531331227
3493141585857254
3493141774600405
3493141992704745
3493142055618749
3493142156282060
3493142229682580
3493142489729364
3493142674278693
3493142990948742
3493143309715581
3493143322298920
3493143561374066
3493143785769046
3493143865461038
3493143884335559
3493143932569618
3493143978707149
3493144171645313
3493144679156082
3493144725293604
3493144857414581
3493144880482743
3493144932911465
3493145062934790
3493145331370099
3493145429936299
3493145469782841
3493145782258638
3493145847270010
3493146130385124
3493146138773609
3493146153454474
3493146235243214
3493146317032386
3493146547718737
3493256602061790
3493256700627846
3493256927119959
3493257019394318
3493257243790257
3493257585626069
3493258049096641
3493258147661946
3493258330114101
3493258399320300
3493258472720589
3493258749544631
3493259108157944
3493259148003888
3493259158489739
3493259657612183
3493259678583359
3493259884104060
3493259967990215
3493260074945326
3493260133665095
3493260305631400
3493260448237960
3493260645370204
3493261157075053
3493261272419172
3493261274516439
3493261547145500
3493261737986682
3493261823969851
3493261928827419
3493263373764639
3493263510080170
3493263631714413
3493263805778710
3493263889664596
3493264487352518
3493264514615938
3493265005349218
3493265152149555
3493265177315468
3493265655466718
3493265718381104
3493266167171625
3493266188142939
3493266276223783
3493266307681024
3493266506910530
3493266536270197
3493266678876631
3493266710334109
3493266949408854
3493267194775582
3493267209456187
3493267211552919
3493267549194408
3493267838602118
3493267943458825
3493268128008810
3493268132203337
3493268237060760
3493268337724010
3493268518079449
3493268817971473
3493269078018772
3493269107378338
3493269289830563
3493269556169515
3493269640055354
3493269661026389
3493269893811038
3493270088845889
3493270141274326
3493270321629495
3493270556510923
3493270667659659
3493270707505998
3493270810266509
3493270820751691
3493270843820694
3493270883666519
3493270963358329
3493271043050151
3493272557193852
3493272578164938
3493272802560200
3493272980818233
3493272982915410
3493273054218440
3493273253448432
3493273268128624
3493273280711512
3493273372985678
3493273523980754
3493273603672813
3493273645615941
3493273739987921
3493273750472771
3493273767249929
3493273920342486
3493274358647466
3493274618693692
3493274790660797
3493275065387103
3493275151370700
3493275266713900
3493275438680975
3493275468040519
3493275581287171
3493275585481149
3493275612744494
3493275635812579
3493275929414471
3493276315289794
3493276550171189
3493277259008284
3493277361768509
3493277395323446
3493277464529629
3493278196435516
3493278357916587
3493278456482558
3493278519397226
3493278546660033
3493278752181178
3493278783638207
3493278796221134
3493278863330132
3493278938826891
3493279014325033
3493279041587709
3493279047879456
3493279171611508
3493279186291157
3493279437949270
3493279484087130
3493279519738789
3493279628789788
3493280016763170
3493280096455335
3493280281004379
3493280526370890
3493280610257399
3493280660588859
3493280889178935
3493281092602624
3493281365231815
3493281432340573
3493281497352242
3493281501547358
3493281744816194
3493281799343015
3493282170538199
3493282283784744
3493282405419239
3493282585774909
3493282608843547
3493282617231566
3493282690632605
3493282692729304
3493282805975427
3493282954873578
3493283021982651
3493283468675498
3493283552561173
3493283661613094
3493283919562989
3493284095723596
3493284882156272
3493285377084363
3493285427415302
3493285716822318
3493286142544561
3493286507449134
3493286668929580
3493286719260989
3493286889130650
3493287031736913
3493288074021457
3493288180975665
3493288271154031
3493288438926218
3493289070168409
3493289114208495
3493289137277252
3493289340701237
3493289382644005
3493289512667488
3493289521055882
3493289707702548
3493289892252450
3493289911126878
3493290317974384
3493290626255749
3493290672393119
3493290745793037
3493290747890576
3493290808707908
3493291005839955
3493291364452836
3493291400104488
3493291404298557
3493291454630685
3493291532225250
3493292144593605
3493292333337258
3493292417222690
3493292719212897
3493292729698961
3493292735989776
3493292809390959
3493292821973179
3493293031688228
3493293327387608
3493293511936510
3493293541296218
3493293574851196
3493293702777025
3493293732137793
3493293847481191
3493294250133753
3493294407420178
3493294407420364
3493294453558161
3493294539540992
3493294581484023
3493294640204149
3493294837336376
3493294877182209
3493294925416894
3493294946388767
3493295158200826
3493295290321825
3493295405664431
3493295514716847
3493295741208624
3493295745402889
3493296085141510
3493296104016177
3493296177416512
3493296447949049
3493296473115334
3493296523446358
3493296533932060
3493296546515711
3493296636692670
3493296854796331
3493296867379714
3493296905128272
3493297018374999
3493297119038132
3493297477650586
3493297618160017
3493297622353996
3493297771252216
3493297832069700
3493297880304592
3493297905469859
3493297941121373
3493298320706336
3493298719165161
3493298933074683
3493298964531295
3493299193121067
3493299218286765
3493299232967486
3493299247647063
3493299247647258
3493299253938425
3494350082280117
3494350088571227
3494350182942888
3494350289898102
3494350386367358
3494350484933562
3494350575110324
3494350986152284
3494351074232529
3494351082621151
3494351367834003
3494351407679991
3494351428651710
3494351663532528
3494351831304224
3494352187820347
3494352189917836
3494352485616597
3494352831646000
3494352886172149
3494352953281373
3494353062332881
3494353192356125
3494353198647321
3494353269950564
3494353274144961
3494353383196880
3494353490152291
3494353494346208
3494353498540349
3494353532094691
3494353563552355
3494353620175710
3494353683089896
3494353989274122
3494354253515198
3494354305943874
3494354442258766
3494354689723228
3494354891049891
3494354981226615
3494355339839544
3494355469863210
3494355744590444
3494355893488053
3494356512148084
3494356564576333
3494356619102654
3494357411825955
3494357715913061
3494358074526073
3494358621882908
3494358668020622
3494358701575066
3494359041313309
3494359349594230
3494359666264941
3494359720790331
3494360085694576
3494360192649583
3494360526096753
3494360767269000
3494360884709889
3494360905681474
3494361062967935
3494361100716564
3494361268488224
3494361419483800
3494361446746588
3494361599838356
3494361650169973
3494362038143295
3494362686163756
3494362795215239
3494362969278551
3494363260783268
3494363323697544
3494363405486618
3494363623590407
3494363652950260
3494363770390993
3494363791362103
3494363975911551
3494364005272386
3494364173044212
3494364598766184
3494364858813328
3494364921727258
3494365307603067
3494365724936242
3494365758491129
3494365846571903
3494366085647166
3494366249224259
3494366259710826
3494366299556575
3494366435870991
3494366974839512
3494367014685281
3494367127931448
3494367310383800
3494367492835504
3494367710939570
3494367782242312
3494367788533988
3494367845156928
3494368046483674
3494368216353072
3494368361057122
3494368556092195
3494368566577759
3494368795166735
3494368814041935
3494368822429803
3494368872761388
3494369378175241
3494369504004286
3494370145733379
3494370372225494
3494370565163838
3494370571455425
3494370611300962
3494370701478434
3494370835695864
3494370982496405
3494371227863651
3494371427092641
3494371865397474
3494372047849598
3494372114959073
3494372362422311
3494372444211481
3494372454697642
3494372691675333
3494372861545203
3494373096425928
3494373102717811
3494373283072438
3494373356472737
3494373381639033
3494373387930056
3494373689920160
3494373801068854
3494373840915185
3494374017075651
3494374100961888
3494374247762318
3494374537169245
3494374627346699
3494374858033195
3494375055165867
3494375321504276
3494375579454260
3494375589939681
3494376175044863
3494376489617478
3494376665778617
3494376779025188
3494376854522522
3494376976157277
3494377053751882
3494377120861108
3494377219426388
3494377489959671
3494377542388205
3494377622079677
3494377701771847
3494377718548655
3494377724840501
3494377729034868
3494377777268891
3494377783560938
3494377869543623
3494377886320644
3494377970207066
3494378223962198
3494378364471941
3494379199138394
3494379350133362
3494380262394265
3494380727961975
3494380784585027
3494380818139370
3494380937677505
3494381015271436
3494381042535187
3494381113837723
3537104724298674
3537104852224319
3537104965471202
3537105032579382
3537105087105643
3537105240197725
3537105370221268
3537105395387184
3537105397483894
3537105414261729
3537105600908138
3537105825303406
3537106307647849
3537106611734695
3537106819353311
3537106863392879
3537107129731198
3537107448498602
3537107614173712
3537107758876871
3537107802916914
3537108067158049
3537108081838667
3537108213959259
3537108325108109
3537108912310806
3537109109443089
3537109461764162
3537109614856673
3537110573255180
3537110611003466
3537110778776329
3537110889925486
3537110959131036
3537111068183195
3537111458253081
3537111613442751
3537111961569483
3537112026581940
3537112045455647
3537112053844225
3537112127245010
3537112326474292
3537112446011506
3537112454400459
3537112926259261
3537113226152199
3537113412798527
3537114031458470
3537114541066847
3537114834667917
3537115195378135
3537115293944060
3537115344276080
3537115570768039
3537115874855281
3537115931478018
3537116130707610
3537116193622467
3537116344617271
3537116730493610
3537116894071209
3537116986345840
3537117238004014
3537117384804835
3537117909093225
3537117948939106
3537118018145080
3537118238346171
3537118443866377
3537118685038882
3537118720690356
3537118760536873
3537118819256942
3537118934599983
3537118987028707
3537119014291826
3537119395973955
3537119595203475
3537119620369347
3537120058673842
3537120090130550
3537120278874719
3537120301943303
3537120876562540
3537121568622972
3537121660897976
3537121908361736
3537122277460344
3537122409580793
3537122879343303
3537122919189391
3537123017754893
3537123030337938
3537123208595508
3537123829352676
3537123858713435
3537124513024515
3537124907289539
3537124917775168
3537125003758089
3537125240735874
3537125383342160
3537125580475334
3537125695818590
3546366475241954
3546372942858308
3546372949150587
3546373209197379
3546373299374667
3546373613947705
3546373722998907
3546374150817999
3546374285035613
3546374402476827
3546374677203376
3546374765284135
3546375058885193
3546375140673611
3546375153256692
3546375172130854
3546375178422490
3546375228754409
3546375337806320
3546375534938396
3546375545424196
3546375897746260
3546376004700368
3546376126335213
3546376323467364
3546377359461153
3546378267528043
3546378544351444
3546378934421881
3546379045570802
3546379634870828
3546379672619682
3546380507286448
3546380553423276
3546380809276116
3546381237094721
3546381503433268
3546381918669359
3546382094830170
3546382568786781
3546382751238575
3546382753335725
3546382812055855
3546382942079725
3546383017577091
3546383090977243
3546383114045496
3546383118239980
3546383422327308
3546383564933833
3546383992752430
3546384307325071
3546384311519809
3546384577857702
3546384798059451
3546384936471321
3546385007773918
3546385200711970
3546385284598190
3546385290889524
3546385355901624
3546385645308788
3546385657891542
3546385773234298
3546385813080857
3546385943103742
3546386150722454
3546386341562847
3546386519820865
3546387167841099
3546387507579218
3546387576785601
3546387610339612
3546387616631258
3546388149308035
3546388264651273
3546388264651347
3546388287720252
3546388742802255
3546389103512342
3546389252409942
3546389344684222
3546389430667859
3546389453736689
3546389562787971
3546389684422793
3546389778795404
3546389848001488
3546389957052787
3546390126922615
3546390206613919
3546390223391471
3546390359706478
3546390361803491
3546390363900516
3546390527477796
3546390554741419
3546390613461854
3546390651209748
3546390707832977
3546390739290155
3546390743485105
3546390753970784
3546391079029133
3546391167109782
3546391198566934
3546391334881981
3546391641066444
3546391743826267
3546391800449686
3546391913695550
3546391957735754
3546392198908747
3546392391846248
3546392695933346
3546392710613678
3546392825957117
3546392960174877
3546393188764173
3546393216026902
3546393710955371
3546393834687439
3546393843075352
3546393973099303
3546394170230975
3546554296174863
3546554396838475
3546554396838722
3546554671565775
3546555057441300
3546555529300527
3546555554466168
3546555715947319
3546556699511409
3546557131524225
3546557840361805
3546557882304528
3546557943122139
3546557949413557
3546558352066561
3546558477896241
3546558603724970
3546558618405845
3546558731652068
3546559176248172
3546559471945768
3546559872502458
3546559893474078
3546559962680004
3546560042371867
3546560516328156
3546560531007984
3546560535201946
3546560610699417
3546560740723223
3546560784763487
3546560866552533
3546561032227660
3546561078364557
3546561158056650
3546561193708190
3546561302759486
3546561501989310
3546561795590950
3546561921419896
3546562569439540
3546562774960382
3546562898692973
3546563188099125
3546563188099368
3546563225848432
3546563525740675
3546563773204580
3546563810953720
3546563928393899
3546563932588555
3546563970337620
3546564180052468
3546564316366879
3546564381378660
3546564461071183
3546564668688976
3546564681271665
3546564834364273
3546564939221173
3546565037787792
3546565178297183
3546565226531536
3546565253794700
3546565281057757
3546565541104059
3546565729848212
3546565796956308
3546565826317162
3546565937465372
3546566094751744
3546566155569167
3546566216387108
3546566323342130
3546566386256732
3546566417713973
3546566419810645
3546566426101921
3546566723897986
3546566757452494
3546567130744975
3546567399180640
3546567497747063
3546567745210875
3546567990577623
3546567994772343
3546568078657642
3546568080755102
3546568160446770
3546568204486827
3546568217070158
3546568303053508
3546568330316014
3546568353385166
3546568477117083
3546568904936340
3546569020279207
3546569162886002
3546569418738133
3546570412788452
3546570502965634
3546570668640356
3546570937076154
3546571016767807
3546571025156641
3546571276814517
3546571469752612
3546571501210276
3546571547347184
3546571559930033
3546571622845207
3546571685759407
3546571763354542
3546572010817856
3546572088413042
3546572096801118
3546572199561252
3546572388305166
3546572438636866
3546572663032699
3546572786764534
3546572879038509
3546573267011925
3546573560613599
3546574028277881
3546574030375483
3546574181370480
3546574181370528
3546574187661349
3546574189759217
3546574198147555
3546574290422728
3546574521108606
3546574539982916
3546574604994865
3546574693075647
3546574860847758
3546574986676278
3546575156545566
3546575162837009
3546575162837479
3546575229946072
3546575286569053
3546575343192646
3546575420787153
3546575456439003
3546575504673726
3546575580170817
3546575775205862
3546576213510534
3546576299494246
3546576326757031
3546576374991094
3546576454682947
3546576507111935
3546576584706384
3546576941222662
3546576947513711
3546576947513780
3546577230629299
3546577350166980
3546577633282118
3546577664739528
3546577767500517
3546578065295887
3546578155473203
3546578195319305
3546578394549099
3546578627332981
3546578660887479
3546578895768279
3546579071928439
3546579187272349
3546579197758294
3546579394890570
3546579703171958
3546579717851597
3546579740920079
3546579808029349
3546580042910072
3546580154058872
3546580221168004
3546580294568645
3546580302956735
3546581211024303
3546581429127445
3546581460584580
3546581513014135
3546581527693590
3546581783546450
3546581890501466
3546582131673112
3546582140062113
3546582356068601
3546582383331466
3546582536424058
3546582653864020
3546582842608015
3546582876162073
3546583259940965
3546583259941218
3546583790520934
3546583914252812
3546584058956586
3546584711170994
3546585118017794
3546585239653249
3546585461950921
3546585520671040
3546585539545913
3546585541642796
3546585579391233
3546585633917530
3546585881381437
3546585998821581
3546586202245394
3546586516818502
3546586751699460
3546586864945501
3546586925763243
3546587380845141
3546587447954100
3546587450051459
3546587573782639
3546587716389708
3546588056128149
3546588116945880
3546588412644160
3546588460878095
3546588605581394
3546588681079602
3546588710439549
3546589054372465
3546589100509786
3546589245213181
3546589289253094
3546589377333381
3546589501066099
3546589507356725
3546589568174092
3546589777889435
3546589928884800
3546590075685027
3546590094559397
3546590142793826
3546590149085655
3546590172154374
3546590281205780
3546590365092308
3546590484630174
3546590620944854
3546590627235935
3546590795008938
3546590895672145
3546590971169194
3546591025695262
3546591117969915
3546591147329574
3546591151524266
3546591300422282
3546591726143668
3546591812127604
3546591916984374
3546592007162719
3546592047008087
3546592351095585
3546592466438534
3546592508382019
3546592818760008
3546592923617976
3546592940395458
3546592963463847
3546592976046883
3546593080903939
3546593433225898
3546593437420415
3546593519208717
3546593577928971
3546593961707617
3546594353875748
3546594542618916
3546594628602782
3546594771208410
3546594861386705
3546595178055739
3546595333245627
3546595356314374
3546595400354421
3546595482142808
3546595492629209
3546595578612240
3546595639429255
3546595681373035
3546595693955499
3546595758967244
3546595807201722
3546595920448270
3546596025305100
3546596102900237
3546596444736249
3546596622993839
3546596629284963
3546596708976710
3546596910303488
3546597061298463
3546597065493477
3546597283596441
3546597306665686
3546597407328280
3546597409425792
3546597573003484
3546597587684198
3546597757552708
3546598044863384
3546598080514601
3546598130846358
3546598143429023
3546598260869233
3546598634163098
3546598669814470
3546598797740959
3546598827101102
3546598877431967
3546598879529407
3546598996969885
3546599217170799
3546599238142755
3546599334611699
3546599544326341
3546599550617762
3546599663863993
3546599668058189
3546599720487700
3546599802276795
3546599867287693
3546599926008476
3546600047643213
3546600051837033
3546600173472379
3546600202832236
3546600349633164
3546600355924741
3546600372701668
3546600431421922
3546600437713428
3546600509016266
3546600546764841
3546600559348161
3546600590805369
3546600649525346
3546600716634149
3546601003944659
3546602088171801
3546602362898438
3546602432104861
3546602448882029
3546602671180595
3546603092707710
3546603216439718
3546603344366286
3546603610704865
3546604223072465
3546604569102978
3546604961270633
3546605055642027
3546605483461217
3546605504432982
3546605768674134
3546605795937059
3546605877725598
3546605972097914
3546605990972354
3546605993068585
3546606003554711
3546606118898404
3546606165035750
3546606181813153
3546606190201559
3546606387333303
3546606756432835
3546606796278139
3546606928398698
3546606930495651
3546606940981387
3546607110850897
3546607177959615
3546607217806026
3546607511407302
3546607517698121
3546607538670003
3546607733705441
3546607763064992
3546607771454022
3546607838563119
3546608216050355
3546608283159226
3546608354461791
3546608492874083
3546609113631182
3546609273014716
3546609927326522
3546610046863916
3546610252384597
3546610445322799
3546610480973920
3546610493556776
3546610594220224
3546610864753628
3546610898307646
3546610942348073
3546611076565160
3546611078662230
3546611137383029
3546611173034283
3546611361778274
3546611609242408
3546611860900404
3546611919620570
3546611938495417
3546612190152807
3546612490045837
3546612747995942
3546613041596626
3546613184203489
3546613230340257
3546613261798261
3546613391821338
3546613396015232
3546613400209933
3546613479901807
3546613666548085
3546613849000610
3546613916109501
3546614081784339
3546614178253454
3546614182447168
3546614253750625
3546614494923470
3546614614460747
3546614788524581
3546614889187832
3546615168109365
3546615491070642
3546615581248024
3546615954541097
3546616118118512
3546616170547231
3546616321543118
3546616485120034
3546616485120165
3546617412061907
3546617481267352
3546617609193988
3546617768577480
3546618374654261
3546618582272409
3546618886359711
3546619158989606
3546619257555523
3546619257555684
3546619928643892
3546620209662574
3546620949957511
3546620958345269
3546621054815086
3546621499411368
3546621614754349
3546621665085512
3546621734291592
3546621793012288
3546622229219477
3546622380214515
3546622489266487
3546622623484072
3546622931765968
3546623479122287
3546623881775134
3546624179571320
3546624462686922
3546624557058151
3546624638847393
3546625846807450
3546626218003299
3546626429814984
3546627067349340
3546627184790152
3546628388555735
3546629263067703
3546629277747962
3546629506337101
3546629642652639
3546629888018890
3546630506679042
3546630512970120
3546630619925365
3546631091784319
3546631383288464
3546631421037200
3546631431522495
3546631586711783
3546632983414936
3546633325250823
3546633824373334
3546633870510710
3546633870510858
3546633914550455
3546633964882734
3546634359147208
3546634466101360
3546634686302757
3546634694691257
3546634736634411
3546634914892269
3546635730684228
3546635875387759
3546636022188832
3546636299012376
3546636309498652
3546636433230366
3546636496144529
3546636517116868
3546636573739092
3546636598904869
3546636793940084
3546637039307645
3546637041403939
3546637049792727
3546637051890614
3546637100124340
3546637509069690
3546637595052808
3546637691521923
3546637815253373
3546638073203470
3546638087882760
3546638454884362
3546638488439216
3546638660405677
3546639048379181
3546639302134395
3546639335688707
3546639495072082
3546639513946149
3546639562181323
3546640063400161
3546640306669894
3546640323447463
3546640333933112
3546640432499593
3546640629631734
3546641076324523
3546641139238961
3546641214737305
3546641357342886
3546641694984892
3546642076666239
3546642219273106
3546642473027832
3546642535942977
3546642550622845
3546642632411648
3546642835835439
3546642905041536
3546643467078006
3546643605489995
3546643842468570
3546643894897387
3546644016531581
3546644039600852
3546644190595646
3546644268190521
3546644777798242
3546645163674399
3546645190937445
3546645350320668
3546645671185241
3546645679573589
3546645866219886
3546646115780887
3546646233221678
3546646281456139
3546646294039348
3546646335982069
3546646373730353
3546646581349262
3546646765898609
3546646868658217
3546646960933256
3546647327935095
3546647552330119
3546647803988864
3546648003217523
3546648189864112
3546648246487589
3546648426842472
3546648611391972
3546648619780597
3546648749803869
3546648907090459
3546648928061954
3546648944838738
3546649127291757
3546649255217667
3546649263605772
3546649370560991
3546649467030317
3546649546721368
3546649565596474
3546649567693585
3546649615927926
3546649649481834
3546649687230566
3546649731271425
3546649785797326
3546649806768226
3546649827740376
3546649875974296
3546650029066984
3546650316376229
3546650352028404
3546650377193677
3546650549160445
3546650630949014
3546650639337555
3546650662406581
3546650836469807
3546650880510047
3546651123780572
3546651184597023
3546651186694649
3546651302037790
3546651736148957
3546651763411864
3546651775994176
3546651822131298
3546652392556778
3546652518385842
3546652770044742
3546652782627436
3546652843444764
3546652864416183
3546652954593915
3546653038480275
3546653153823343
3546653168503566
3546653246097485
3546653401287023
3546653508242265
3546653583739243
3546653625682204
3546653652945216
3546653696985353
3546653728442570
3546653772483419
3546653814425911
3546653959129773
3546654250633608
3546654284187665
3546654303062914
3546654317742834
3546654596663999
3546654942693702
3546654965762162
3546655001414373
3546655150312380
3546655250975182
3546655496341796
3546656008047510
3546656045796108
3546656108709950
3546656337299547
3546656507169599
3546656551208973
3546656603638363
3546656612026696
3546656670747176
3546656679135779
3546656710593294
3546656853198884
3546656890948462
3546657102760346
3546657436207994
3546657469761862
3546657633340004
3546657765460887
3546657905970066
3546657945816017
3546658138753207
3546658203765498
3546658241514119
3546658363148413
3546658642069645
3546658715470481
3546658954545531
3546659160066264
3546659264924251
3546659342518578
3546659413821769
3546659453667607
3546659478833378
3546659478833517
3546659506096619
3546659766143797
3546659847932258
3546659889875301
3546660026189861
3546660212836775
3546660766484670
3546660789553506
3546660823107954
3546661141875069
3546661221567436
3546661292870021
3546661324326929
3546661359978646
3546661366270763
3546661490002449
3546662041553439
3546662167382062
3546662177867800
3546663002049233
3546663115294832
3546663553599684
3546663729760943
3546663736052195
3546663782189835
3546663987710618
3546664138705795
3546664348420254
3546664392461026
3546664537164746
3546664577010371
3546664656702116
3546664719616093
3546664813988024
3546664832863026
3546664937720599
3546664944012193
3546665004829430
3546665076131842
3546665350859529
3546665359248194
3546665386510450
3546665413773768
3546665499757474
3546665562671838
3546665566866329
3546665648655235
3546665860467607
3546665887729791
3546666007268085
3546666055502361
3546666103736892
3546666227468311
3546666328131626
3546666388949934
3546666391046326
3546666439281449
3546666439281491
3546666445572800
3546666527361101
3546666542041222
3546666565110053
3546666648996357
3546666743368356
3546666793700067
3546667242490686
3546667338959756
3546667510925387
3546667510926101
3546667561257647
3546668022631239
3546668383341012
3546668853103310
3546669046040605
3546669113149652
3546669150899003
3546669157190348
3546669173967262
3546669194938577
3546669241076269
3546669335447681
3546669564037285
3546669582911907
3546669700352813
3546669759072470
3546669886999228
3546670128171562
3546670268680648
3546670495172772
3546670696499661
3546670872660701
3546670941866616
3546670956546633
3546670990101106
3546671269021943
3546671407433869
3546671440988662
3546671480835045
3546671594080987
3546671952694131
3546672405678724
3546672493759046
3546672546187653
3546672552479620
3546672583936876
3546672753805490
3546672898509360
3546673141778446
3546673213082198
3546673282288483
3546673368271140
3546674395875689
3546674800626197
3546675100518419
3546675142462266
3546675306040065
3546675624806462
3546675775801829
3546675792578834
3546676033751693
3546676094569079
3546676558039073
3546676616759405
3546676857932011
3546677172505321
3546677176699589
3546677273168771
3546677298333973
3546677367539932
3546677608712515
3546677711473581
3546677864564960
3546677877147823
3546677900216497
3546677904410624
3546677944256584
3546678577596780
3546678678260070
3546678883781197
3546678938306898
3546678980250476
3546679282239619
3546679548578383
3546679917676830
3546680194501207
3546680358078740
3546681234688390
3546681291311813
3546681383585919
3546682069355147
3546682111298384
3546682318916510
3546683151485001
3546683346520350
3546683719813856
3546684005026554
3546684363639616
3546684439136595
3546684449622484
3546684472691457
3546684529314189
3546684598520215
3546684669823540
3546684845984323
3546685282191703
3546685540141060
3546685720496781
3546685726787891
3546685808577130
3546685938600818
3546686372711117
3546686456597198
3546686576135036
3546686607591873
3546686689380625
3546686852958939
3546686947330155
3546687763122532
3546687763123153
3546688109153180
3546688348227698
3546688870419219
3546689036093697
3546689042385486
3546689078037044
3546689147243309
3546689164020551
3546689235323053
3546689241614480
3546689409387169
3546689413581317
3546689482787695
3546689493272931
3546689793166059
3546689965131862
3546690418116624
3546690738981092
3546690762049783
3546691040971113
3546691533802118
3546691768682645
3546691768682820
3546692106324671
3546692162947767
3546692846619263
3546692909534107
3546693194746292
3546693217814990
3546693526096305
3546693591107608
3546693769366150
3546693863738195
3546693991664216
3546694157338736
3546694304139660
3546694310431289
3546694893439436
3546694893439817
3546695256246610
3546695382075590
3546695386270518
3546695417727241
3546695480642458
3546695623248268
3546695629539470
3546695742786455
3546695757466512
3546696030095670
3546696046872966
3546696053164296
3546696212548020
3546696325794019
3546696426457788
3546696552286481
3546696619395552
3546696743127435
3546696755710343
3546696917190684
3546697024145833
3546697242249682
3546697405827576
3546697735080270
3546697990932886
3546698043361414
3546698284534563
3546698349545784
3546698479569042
3546698607495844
3546698645244728
3546698838182123
3546698863347994
3546699310041567
3546699314235566
3546699702208886
3546699769318097
3546700010490779
3546700044044593
3546700192942700
3546700291508630
3546700622858279
3546700893391128
3546701354764593
3546701522536923
3546701579160328
3546701698697403
3546702141196923
3546702275414619
3546702680164399
3546702686456540
3546702785022008
3546702868908135
3546702877296642
3546702921337315
3546703066040581
3546703082817603
3546703376418943
3546703607105702
3546703791655051
3546703848278868
3546704043313831
3546704074771031
3546704123005353
3546704244640706
3546704466938447
3546704850716686
3546704976545899
3546705089792747
3546705496640069
3546705549068978
3546705614080247
3546705668606114
3546706054482181
3546706058676823
3546706167728270
3546706222254089
3546706333403938
3546706408900673
3546706413095745
3546707052726422
3546707065309285
3546707281316498
3546707285510474
3546707295996382
3546707377785307
3546707413436778
3546707428117262
3546707434408458
3546707451185361
3546707528779971
3546707566528996
3546707658803391
3546707698649887
3546707803507657
3546708220840507
3546709256833666
3546709416217103
3546709623835144
3546709701429867
3546710324284172
3546710412364428
3546710760491955
3546710972303718
3546711018441412
3546711060383915
3546711085549900
3546711110716216
3546711112812547
3546711137978912
3546711154755815
3546711188310333
3546711586768979
3546711588866271
3546711605644204
3546711687432770
3546711842621917
3546712123640480
3546712194943934
3546712285120564
3546712683579573
3546712771660401
3546713084135680
3546713115592764
3546713199478878
3546713409194636
3546713522440889
3546713597938201
3546714036243182
3546714243860753
3546714355010170
3546714386467729
3546714688457194
3546714734594308
3546714805897480
3546715489569233
3546715653147521
3546715684604487
3546715774781741
3546715904804932
3546715990788571
3546716139686003
3546716326333324
3546716460550366
3546716540242688
3546716940798149
3546717041461397
3546717335063095
3546717343451234
3546717681092662
3546717817407702
3546717895002716
3546718203283873
3546718817748995
3546719337842706
3546719390271587
3546719518198270
3546719813896651
3546720040388713
3546720048778193
3546720052972040
3546720055068690
3546720224938830
3546720348670461
3546720562580002
3546720600328424
3546720673729461
3546720782780781
3546720789072325
3546720803752375
3546720810044194
3546720851986536
3546721353205832
3546721384663601
3546721632127208
3546721944602931
3546722317896434
3546723104328552
3546723144173803
3546723272099912
3546723408415620
3546723584576120
3546723750251243
3546724261956220
3546724394076766
3546724408756927
3546724440214315
3546724771563971
3546724786244233
3546725132274106
3546725883054996
3546725897734459
3546726090672740
3546726117935271
3546726195530013
3546726252152875
3546726659000743
3546726849841415
3546727143443032
3546727395100759
3546727533512949
3546727707576524
3546727743228718
3546728127006923
3546728617741278
3546728938604632
3546728942799141
3546729534196468
3546729609693476
3546729787951856
3546729840380148
3546729922169823
3546730129787127
3546730274490741
3546730410805693
3546730782001593
3546731067214375
3546731316775793
3546731333552594
3546731369203780
3546731415341368
3546731444701378
3546731994155990
3546732247910717
3546732250008164
3546732285659710
3546732533123266
3546732919000019
3546733030148490
3546733135006634
3546733338429730
3546733510396810
3546733852231708
3546734179387654
3546734244399154
3546734244399333
3546734682704700
3546734777076518
3546734831602662
3546734913390918
3546734999374174
3546735236352777
3546735301364123
3546735330723963
3546735630617301
3546736333162950
3546736379300221
3546736712747154
3546736796633719
3546737197189413
3546737429973020
3546737601940308
3546737736157749
3546737922804555
3546737958456286
3546737996204167
3546738172365558
3546738182850715
3546738193337029
3546738216405134
3546738333846141
3546738413537804
3546738461771891
3546738572921753
3546738870716603
3546739072043228
3546739113986569
3546739162220545
3546739178998467
3546739252398377
3546739267078904
3546739357255726
3546739548097068
3546740101744799
3546740420512534
3546741022395127
3546741227916219
3546741339065063
3546741632666064
3546741829798686
3546742167440142
3546742289074404
3546742320531913
3546742911929146
3546742924511655
3546742968551754
3546743071312169
3546743123741545
3546743192946980
3546743419439445
3546743541074062
3546743964698881
3546744369449681
3546744484792689
3546744486889888
3546744709188159
3546744874862883
3546745151687631
3546745195727125
3546745998936422
3546746026199881
3546746586139289
3546746590333536
3546746720357339
3546746737134328
3546746940557915
3546747106233174
3546747422903236
3546747475331524
3546747603258031
3546747638909602
3546747735378796
3546747756349627
3546747934607796
3546747938802002
3546747976551199
3546747980744824
3546748031076927
3546748387592747
3546748395981568
3546748775565416
3546749119499109
3546749150955712
3546749169830239
3546749182413496
3546749192898765
3546749205481898
3546749232744887
3546749358574439
3546749469722685
3546749553609494
3546749960456570
3546750048537425
3546750115645952
3546750163880025
3546750392470314
3546750820288870
3546750832871473
3546750883203921
3546751210359279
3546751250204868
3546751376034517
3546751531223704
3546752007277051
3546752070191645
3546752170855055
3546752332335869
3546752338627533
3546752785320584
3546752877594748
3546752913247204
3546753074727627
3546753097796406
3546753601112414
3546753638861738
3546753655638722
3546753705970052
3546753829702178
3546753859062362
3546753863256519
3546753953434583
3546753966016621
3546754001668355
3546754291075993
3546754389641657
3546754486110886
3546754769225802
3546754821655248
3546755132033397
3546755318679862
3546755515812188
3546756170123521
3546756254009714
3546756480501805
3546756528737191
3546756532931187
3546756560193794
3546756820240603
3546756828629631
3546757017373540
3546757088676515
3546757734599053
3546757818485042
3546758166612490
3546758208555202
3546758223235400
3546758252596079
3546758279858624
3546758609111762
3546758839798257
3546758864964519
3546759030639307
3546759135496727
3546759173245225
3546759202606036
3546759236159950
3546759246646181
3546759271811554
3546759309560738
3546759584286886
3546759626230147
3546759919831196
3546760049855327
3546760374913568
3546760425244834
3546760446217133
3546760597211184
3546760613988510
3546760714651752
3546760733526642
3546760769177961
3546760840481509
3546760991476521
3546761056487430
3546761062779825
3546761217968513
3546761360575304
3546762054732138
3546762304293752
3546762348333797
3546762853746862
3546762958605067
3546763344480480
3546763359160553
3546763461921391
3546763487086718
3546764338530911
3546764434999745
3546764703434806
3546764795710101
3546764797806909
3546764802000945
3546765238209200
3546765292734677
3546765324192066
3546765429049980
3546765628279097
3546765714262800
3546765758302494
3546765892520221
3546766085458672
3546766767033131
3546766821559254
3546766920124582
3546766928513708
3546767027079467
3546767261961048
3546767467481758
3546768037907249
3546768077752793
3546768165832900
3546768595748915
3546768656566988
3546768690121441
3546768706898702
3546768711092455
3546769004693692
3546769149397794
3546769239574885
3546769294101108
3546769317170091
3546769484941789
3546769545759013
3546769646422067
3546769744988357
3546769877109500
3546770082630463
3546770162321643
3546770292345088
3546770317510725
3546770340579373
3546770449631285
3546770590140850
3546770590141095
3546771011668844
3546771101846367
3546771103942918
3546771116526242
3546771758254869
3546771802295210
3546772548880694
3546772571949878
3546772601309350
3546772922174165
3546773576485344
3546773729577415
3546773733771522
3546774486649014
3546774610381298
3546774694267498
3546775388424288
3546775434561776
3546775619111434
3546775740746428
3546775849797732
3546775933683986
3546775979821865
3546776000792890
3546776030152833
3546776067901811
3546776153885072
3546776172759055
3546776353115081
3546776355212149
3546776550247300
3546776600578860
3546776627841979
3546776801904741
3546776996940494
3546777076632379
3546777160518458
3546777493965753
3546777540102671
3546777567365412
3546777567365666
3546777659640256
3546777781274724
3546777898715350
3546778127305597
3546778332825631
3546778410420932
3546779284932647
3546779318487610
3546779375110934
3546779662420578
3546779689683173
3546779792444168
3546779907787303
3546780253817119
3546780320926057
3546780383840420
3546780440463893
3546780453046537
3546780645984445
3546780690024937
3546780776008139
3546780820048342
3546781283519276
3546781390474050
3546781411445173
3546781793126915
3546782011230809
3546782065756792
3546782097213726
3546782283860320
3546782336288985
3546782516644424
3546782667639467
3546783120623732
3546783133206721
3546783194024597
3546783324047982
3546783330338991
3546783714117825
3546783818976105
3546783883987193
3546784200657354
3546784206948435
3546784372623499
3546784724945475
3546784750111310
3546784779471520
3546784836094634
3546785003866703
3546785033226510
3546785043712833
3546785150667620
3546785228261978
3546785345702387
3546785517669316
3546785832241241
3546785939196451
3546785941293455
3546786083899415
3546786123745821
3546786255866621
3546786289420553
3546786574633449
3546786631256548
3546786782251602
3546786843068472
3546786979384168
3546787092629963
3546787201682235
3546787289761937
3546787440757480
3546787520448579
3546787646278397
3546788097166248
3546788111845568
3546788120234272
3546788208314517
3546788243966438
3546788279618433
3546788388669943
3546788422224337
3546788925540400
3546788938123779
3546789040884601
3546789084924353
3546789143644863
3546789198170931
3546789204461602
3546789206558847
3546789208656176
3546789208656413
3546789256890862
3546789288347750
3546789441440403
3546789865065102
3546790074779674
3546790510987856
3546790519376073
3546790521473905
3546790649399608
3546791003818171
3546791226116323
3546791345654739
3546791469386422
3546791486162995
3546791490357621
3546791505037337
3546791595215184
3546791769279104
3546791853165162
3546791911885598
3546791976897321
3546791987382862
3546792111114312
3546792201291969
3546792411007964
3546792423590401
3546792551516593
3546792727677437
3546792813660940
3546793029667230
3546793170176992
3546793264548297
3546793296005281
3546793340045702
3546793541372248
3546793677687028
3546793883207863
3546794109700543
3546794109700745
3546794422176317
3546794424273213
3546795021961726
3546795107945055
3546795382672249
3546795512694798
3546795518986475
3546795596581484
3546795609164349
3546796085217643
3546796416567451
3546796546591513
3546796817123653
3546799010744517
3546799962851981
3546800013183264
3546800036252042
3546800115944132
3546800285812931
3546801894328503
3546802091461562
3546802156473071
3546802175346793
3546802292787969
3546802452171626
3546802661886427
3546802835950143
3546803016305230
3546803066636921
3546803284740789
3546803303614971
3546803955829098
3546804031326618
3546804075366617
3546804087949416
3546804291373159
3546804350093657
3546804570294311
3546804589169105
3546804803079141
3546804838730577
3546804926810258
3546810457000368
3546810803030471
3546810824001878
3546810901596616
3546810966608816
3546811266501293
3546811304249884
3546811306346645
3546811631405865
3546811872577867
3546812122139334
3546812518500841
3546812610775580
3546812619164440
3546812631746635
3546812633844288
3546812642232455
3546813021817035
3546813040691881
3546813093120878
3546813156035122
3546813208463756
3546813288155945
3546813437053185
3546813544008679
3546813634185918
3546813661448566
3546813684517053
3546813885844038
3546813999090119
3546814007478403
3546814156376164
3546814359800610
3546814393355013
3546814433200784
3546814449977504
3546814594681059
3546814722607340
3546815964121147
3546816108825204
3546816121407971
3546816131893887
3546816333219968
3546816513575559
3546816572296049
3546816593266884
3546816616336248
3546816649890501
3546816767331071
3546816966560408
3546817008503388
3546817616676929
3546817887210411
3546818023525071
3546818273085740
3546818315028558
3546818382137484
3546818575075719
3546818715585363
3546818958854744
3546819120335079
3546819248262064
3546819298593493
3546819315370785
3546819749481184
3546819778840934
3546819799812516
3546819806103795
3546819854338106
3546820032596028
3546820166814537
3546820491873025
3546820493969869
3546820621895907
3546820657548200
3546821020354681
3546821051812634
3546821194418719
3546821263624371
3546821827758487
3546822058445695
3546822222023188
3546822505138539
3546822557567359
3546822779865728
3546822807128662
3546823048301096
3546823144769582
3546823144769862
3546823207684122
3546823524354960
3546823673252089
3546823681640953
3546823773915540
3546823927007460
3546823975242461
3546824015087842
3546824017185023
3546824203831877
3546824268843346
3546824310786791
3546824312883549
3546824338049519
3546824407255307
3546824419838335
3546824445004490
3546824543570299
3546824625358923
3546824696662095
3546824784742509
3546824927349154
3546825000749125
3546825447442797
3546825514551555
3546826244360294
3546826422618709
3546826433104183
3546826514893796
3546826550544852
3546826598779582
3546826839951800
3546827047570245
3546827523623309
3546827846585225
3546827976608363
3546827984996585
3546828146477942
3546828154866506
3546828169546135
3546828171643611
3546828257626133
3546828679153810
3546828765137767
3546828905646823
3546829557860641
3546829815810886
3546830048594139
3546830077955023
3546830233143972
3546830413499346
3546830419790674
3546830482704952
3546830591756730
3546830736459960
3546830832929549
3546831105558613
3546831122336042
3546831157988231
3546831170570942
3546831231388089
3546831394966291
3546831854242789
3546831896185704
3546832105900235
3546832238021517
3546832615508477
3546832730852107
3546833611655240
3546833636821285
3546834096097377
3546834645551330
3546834660231596
3546834903501472
3546834968513069
3546834972707092
3546835484412350
3546835492801387
3546835616533244
3546835620727124
3546836027574380
3546836046448775
3546836061128824
3546836151306848
3546836216318564
3546837707393709
3546838344927310
3546838785329248
3546838795815342
3546838898575694
3546839221537675
3546839452224317
3546839517235348
3546839638870540
3546839812934032
3546839869557145
3546840052009418
3546840085564355
3546840112827183
3546840276405065
3546840601462892
3546840708418219
3546840997824982
3546841331271931
3546841473878338
3546842029623440
3546842476317409
3546842597951959
3546843128531311
3546843375995432
3546844491680111
3546844642675079
3546844854487998
3546845584296846
3546845628336492
3546846010018231
3546846249093759
3546846433643334
3546846548986531
3546846611900476
3546846639163958
3546846699981658
3546847194909433
3546847446567722
3546848042158628
3546848056838224
3546848149113734
3546848178473880
3546848541280973
3546848543377481
3546848824396365
3546848895699409
3546849109609072
3546849461930427
3546849589857162
3546849675840454
3546849690520507
3546849770211843
3546850248362189
3546850346928415
3546850730707717
3546850822982029
3546850825079127
3546850881701924
3546850925742548
3546851062057482
3546851099806521
3546851143846626
3546851519236620
3546851554887908
3546852016261128
3546852641212718
3546852951591824
3546852976757336
3546853150821229
3546853287135672
3546853580736587
3546853758994567
3546853876435026
3546854318934944
3546854339905896
3546854459444112
3546854723684407
3546854811765370
3546855006800507
3546855310887729
3546855858243897
3546856141359774
3546856197983008
3546856340589206
3546856604829787
3546856715979051
3546856726465029
3546856806156967
3546856850197277
3546856986511688
3546857106049128
3546857435302218
3546857898772861
3546857940715556
3546857988950756
3546858183985297
3546858204957669
3546858406283784
3546858410477650
3546858410477688
3546858479684386
3546858643261448
3546858643261660
3546858710370603
3546858964126256
3546859322739451
3546859341613820
3546859895261351
3546859907844277
3546860188862694
3546860306303571
3546860375509509
3546860419549750
3546860469881238
3546860471978391
3546860543281547
3546860771870787
3546860847369151
3546860853659848
3546861002557986
3546861365365380
3546861579274687
3546861839322072
3546861944179020
3546862078397231
3546862311180693
3546862420233094
3546862489438626
3546863175207181
3546863288453553
3546863351367992
3546863359757074
3546863366048093
3546863733049892
3546863995193568
3546864053914401
3546864272017822
3546864366390212
3546864395749804
3546864402041517
3546864481733141
3546864571910707
3546864582396732
3546864926329467
3546864930523688
3546865008118400
3546865238804505
3546865301719850
3546865303816821
3546865503046293
3546865521920324
3546865660332435
3546865670818484
3546865813424275
3546865832298685
3546865909893590
3546865926670857
3546865928768312
3546865935059226
3546865970711360
3546866308352032
3546866350295274
3546866371267336
3546866541136512
3546866675354327
3546866731977249
3546867273042659
3546867600198464
3546867866535995
3546868181109112
3546868254509323
3546868415990029
3546868772505830
3546868776700221
3546868982221411
3546869053524727
3546869108050823
3546869175159383
3546869217102324
3546869227587887
3546869233879604
3546869762361432
3546869816887916
3546870171306316
3546870336980992
3546870569765284
3546871100344585
3546871140190698
3546871150676712
3546871293283246
3546871584786629
3546871614146640
3546871765142455
3546871966468248
3546872014703056
3546872255875754
3546872276847020
3546872285235545
3546872490756638
3546872570448783
3546872574642419
3546872601906097
3546872788551890
3546872891312195
3546872975198260
3546872985684918
3546873019238707
3546873063278912
3546873105222586
3546873543526988
3546873663064660
3546873803573375
3546873847614052
3546873853905049
3546873858099202
3546873868585043
3546873891654140
3546873895848182
3546873935693982
3546873994414671
3546874774554906
3546874889898470
3546875072350833
3546875437255137
3546875674233209
3546875739245248
3546875944765774
3546876093663763
3546876200618811
3546876607465853
3546876617951897
3546876821375680
3546876861221247
3546876989147647
3546876991244639
3546876993342038
3546877016411051
3546877087714226
3546877207251722
3546877293234971
3546877427452575
3546877532310482
3546877549087531
3546877570058832
3546877624584555
3546877643459012
3546877721053257
3546877767191152
3546877888825373
3546877974809402
3546878247439178
3546878404725226
3546878476028036
3546878532651609
3546878562011707
3546878924818587
3546878945789995
3546879012899632
3546879092591397
3546879205837764
3546879218420455
3546879646239052
3546879686085335
3546879690279711
3546879774165324
3546879822400377
3546879944034780
3546880023726874
3546880034212700
3546880053086644
3546880095029256
3546880101320804
3546880399117174
3546880654968951
3546880805964545
3546881806306006
3546881963592485
3546882036992495
3546882076838256
3546882160724760
3546882190084349
3546882309622158
3546882336885154
3546882502560257
3546882682915248
3546882758412827
3546882833909852
3546882924087779
3546883018459615
3546883106539811
3546883165259823
3546883175745841
3546883328838467
3546883391752536
3546883521776531
3546883557427428
3546883903457358
3546883905554591
3546883907651810
3546884050258761
3546884291430713
3546884496951515
3546884725541080
3546884775872749
3546885044308399
3546885140777175
3546885256120354
3546885260314671
3546885939792365
3546885996415449
3546886027872682
3546886061427104
3546886067718562
3546886319376734
3546886426331722
3546886734613123
3546886831081524
3546886854150870
3546886942230669
3546886956911496
3546887015631418
3546887195986361
3546887242123721
3546887430867896
3546887493782215
3546887596542092
3546887672039660
3546887812549356
3546887877560765
3546887885948981
3546887898532595
3546888131315784
3546888194230832
3546888194231123
3546888286505337
3546888341031117
3546888458471429
3546888517192567
3546888724810073
3546888890485079
3546888934525251
3546889343470149
3546889674820251
3546889712568620
3546889897117925
3546889999878274
3546890094250303
3546890140387370
3546890157164624
3546890192816334
3546890217982832
3546890285091755
3546890522069907
3546890566109202
3546890624829996
3546890647898572
3546890691938571
3546890721298980
3546890782116315
3546890798893941
3546890920528417
3546890956179589
3546891113466304
3546891128146701
3546891428038856
3546891528702159
3546891591617226
3546891667114487
3546891730029044
3546891853760677
3546891857955508
3546891891510143
3546891950229556
3546891950229608
3546891956521900
3546892141070550
3546892183013524
3546892516460766
3546892541626546
3546892587764012
3546892650678899
3546892656970010
3546892656970015
3546892656970657
3546892732467555
3546892914920321
3546893183355195
3546893185452369
3546893481150702
3546893485344832
3546893606980070
3546893854443702
3546893986564999
3546894070451001
3546894137559587
3546894502463548
3546895039334946
3546895234369804
3546895536360232
3546895647509400
3546895695743001
3546896192768802
3546896268266370
3546896358443105
3546896391997758
3546896490564526
3546896494758501
3546896522021549
3546896572352867
3546896616393158
3546896727542284
3546896891119870
3546896928868709
3546897174235148
3546897226664312
3546897264413282
3546897411214196
3546897553820346
3546898143120137
3546898193451735
3546898227005567
3546898254268759
3546898262657770
3546898350737686
3546898367515506
3546898449304379
3546898531093460
3546898969397665
3546899017632011
3546899799870165
3546899846006890
3546899942476217
3546900106053865
3546900336740462
3546900498221208
3546900582108015
3546900630342405
3546900840057585
3546900974275315
3546901003634689
3546901087521348
3546901098007345
3546901332887767
3546901739735296
3546901779581752
3546901811038694
3546901817329765
3546902412921336
3546902477932747
3546902477932989
3546902838642819
3546902987541279
3546903140632786
3546903451011418
3546903593617679
3546903608297769
3546903637657694
3546903874636244
3546903950134061
3546904029825265
3546904044505436
3546904071768484
3546904103225973
3546904187112109
3546904193402942
3546904413604241
3546904489101660
3546904528947954
3546904667359845
3546904942086947
3546905040652349
3546905105664465
3546905313282928
3546905363613847
3546905527192392
3546905837570968
3546906020023161
3546906741443283
3546906808551441
3546907056015948
3546907156678804
3546907198622683
3546907343325423
3546907360103333
3546907410434202
3546907509000199
3546907521583499
3546907557234864
3546907578206638
3546907607566550
3546907947305693
3546908431747516
3546908444330443
3546908473690858
3546908578547882
3546908687600338
3546908731640463
3546909117516003
3546909174139750
3546909383854676
3546909440477386
3546909453060675
3546909549529340
3546909637609895
3546910338059005
3546910350641660
3546910388390032
3546910753294989
3546910906386696
3546910908484387
3546910923163812
3546910937844591
3546911061576346
3546911365662935
3546911399217930
3546911460035474
3546911466326265
3546911587961828
3546911657167197
3546911661361189
3546911734762267
3546911971740253
3546912164678503
3546912313575985
3546912380684444
3546912401655973
3546912554748820
3546912579913917
3546912670092028
3546912678480029
3546912693160748
3546912884000782
3546912969984325
3546913295042972
3546913651559287
3546913873856869
3546914356201705
3546914588985648
3546914670774855
3546915062942409
3546915073427922
3546915098593639
3546915182479553
3546915272657100
3546915289434631
3546915327182867
3546915394292041
3546915415263721
3546915425749950
3546915710962011
3546915723545474
3546915853568643
3546915857762427
3546916287678858
3546916367370955
3546916379954129
3546916447062869
3546916501588355
3546916535142844
3546916640000075
3546916690332400
3546916868589882
3546916956670289
3546917000711052
3546917168482344
3546917273340231
3546917694867539
3546917776656801
3546918005246548
3546918084937907
3546918378539086
3546918594545866
3546918598740739
3546918831524058
3546918940576613
3546919229982740
3546919555041769
3546919649413442
3546919865420288
3546919873809090
3546920008026463
3546920339376469
3546920446331256
3546920479885837
3546920607811796
3546920865761995
3546920895122342
3546921224375134
3546921348106794
3546921480227640
3546921595570235
3546921765439583
3546921813674063
3546921933212545
3546921941601023
3546922130343997
3546922541385981
3546922654632746
3546922702867081
3546922998565249
3546923181017360
3546923193600279
3546923208280459
3546923369761643
3546923820648477
3546924403657673
3546924491737586
3546924600789627
3546924634344101
3546924737104463
3546924902779218
3546925104106176
3546925110397750
3546925380930041
3546925383027129
3546925437552758
3546925445942198
3546925611616432
3546925687114475
3546926446283327
3546926454671828
3546927375321724
3546927696185797
3546927712962760
3546927803140443
3546927847181122
3546928159656323
3546928266611450
3546928400828632
3546928421800529
3546928482617752
3546928616835661
3546928675555805
3546928757344526
3546928931408748
3546929258564313
3546929453598879
3546929732520042
3546929875126942
3546930065967277
3546930319723199
3546930355374794
3546930586061556
3546930778998836
3546931202624417
3546931238275343
3546931317967478
3546931624151298
3546931768854701
3546931770952207
3546931777243448
3546931844352208
3546932037290474
3546932498663579
3546932670630642
3546932720962030
3546932723059145
3546932748224570
3546932806945068
3546932815333383
3546932817430689
3546933064894994
3546933276707045
3546933855521134
3546933914241261
3546934042168263
3546934107179175
3546934589524931
3546934602106914
3546934608398721
3546934774074300
3546934813919997
3546934820211158
3546934860057291
3546934874737422
3546934927165927
3546935032023472
3546935334013464
3546935350790594
3546935419996298
3546935789095824
3546936225302703
3546937150147227
3546937219352977
3546937510856835
3546937575868643
3546937651365966
3546937909316263
3546938051922481
3546938083380195
3546938402146688
3546938414730008
3546938932725869
3546939077429597
3546939085818726
3546939142441134
3546939203258842
3546939308116623
3546939509442974
3546939832404133
3546939895319352
3546940113423211
3546940132297008
3546940631419379
3546940700625116
3546940738373828
3546940933408858
3546941073918714
3546941141027687
3546941411559609
3546941516417578
3546941682092243
3546942705502794
3546942707599730
3546942837623566
3546942890051965
3546943368203054
3546943410146028
3546943464671966
3546943582112211
3546943875713077
3546943932336132
3546943942821935
3546944051874411
3546944165120404
3546944186092494
3546944269977859
3546944297241071
3546944347573183
3546944408389780
3546944555190991
3546944683117522
3546944687311309
3546944710380279
3546945039632454
3546945064798444
3546945102547653
3546945272416824
3546945385663205
3546945463257791
3546945593281268
3546945865911131
3546945872202241
3546946306312455
3546946386004428
3546946499251099
3546946602011162
3546946692188897
3546946786560209
3546946889320982
3546946904001459
3546946969012846
3546947138881728
3546947275197082
3546947285682639
3546947298265110
3546947392637406
3546947667364129
3546947673656198
3546947889662539
3546947910634311
3546947988228650
3546947996616944
3546948009200031
3546948135028890
3546948428630659
3546948489447717
3546948493642660
3546948619471129
3546948638346207
3546948640443219
3546948648831773
3546948655123084
3546948663511839
3546948690774458
3546949043096237
3546949078747870
3546949175216190
3546949200381989
3546949334600205
3546949363960333
3546949378640713
3546949502372010
3546949504469818
3546949517052420
3546949764516101
3546949848402289
3546949961648372
3546950097963074
3546950257347207
3546950326552678
3546950546753613
3546950672582805
3546950697748824
3546950756469527
3546950997642191
3546951358351792
3546951440140981
3546951490471978
3546951490472862
3546951601621901
3546951620496295
3546951633078322
3546951899416918
3546952165755229
3546952249641805
3546952251738867
3546952371276517
3546952566311876
3546952692140513
3546952713111773
3546953078016253
3546953243691123
3546953445018370
3546953486961462
3546953537292718
3546953644247745
3546953679898744
3546953751201956
3546953803630935
3546953927362741
3546954199992877
3546954336307681
3546954520856795
3546954650880676
3546954690726050
3546954801875372
3546954812360960
3546954822846634
3546954856401455
3546955103865723
3546955124836835
3546955189848350
3546955250665643
3546955330358054
3546955405854795
3546955437312196
3546955441506977
3546955573627733
3546955980474964
3546956009835162
3546956108401048
3546956334893316
3546956422973469
3546956433459690
3546956603328593
3546957056313570
3546957165366057
3546957341526333
3546957372983650
3546957876300126
3546958050363931
3546958427851334
3546958457211228
3546958958431173
3546958960528226
3546959017150931
3546959096842358
3546959174437592
3546959180728774
3546959637908415
3546959902149402
3546959986035311
3546960235596223
3546960243985215
3546960386590813
3546960497740730
3546960634055153
3546960768273045
3546961114302873
3546961210772150
3546961214966332
3546961214966487
3546961265297744
3546961351281206
3546961812654829
3546962141907754
3546962238376043
3546962265639018
3546962332748473
3546962515200711
3546962571823395
3546962662001117
3546962794122025
3546962878008245
3546962938824859
3546962938825341
3546963054168847
3546963108694374
3546963169511493
3546963179997348
3546963182094505
3546963188386270
3546963326797925
3546963542805362
3546964004178287
3546964266322123
3546964335528603
3546964515883894
3546964843038998
3546965052754762
3546965480573705
3546965736426112
3546965746911605
3546966027929801
3546966030026873
3546966061484497
3546966235548301
3546966281685412
3546966378154225
3546966426389116
3546966959065797
3546967279929837
3546967655320276
3546967823092191
3546968053778812
3546968550803960
3546968699702032
3546968894736720
3546969016371846
3546969217698269
3546969265932864
3546969305778218
3546969326750035
3546969354013556
3546969507104907
3546969620351605
3546969687460613
3546969687460823
3546969691655093
3546969853135198
3546969937021034
3546969974770147
3546970140445511
3546970150931319
3546970197068176
3546970197068491
3546970438240803
3546970496961131
3546970576652532
3546970614401558
3546970614401813
3546970689898605
3546970704579026
3546970717162034
3546970832505182
3546970836700084
3546970878642508
3546971358890017
3546971929316170
3546971943995734
3546971956578823
3546971977549965
3546972076116106
3546972298414490
3546972545878421
3546973003057247
3546973212772453
3546973281979318
3546973311338877
3546973426682533
3546973449750882
3546973466528061
3546973472820180
3546973609134662
3546973841918324
3546973888056006
3546973946776007
3546973980330452
3546974036953975
3546974133422512
3546974133422673
3546974139714307
3546974366206911
3546974525589871
3546974578018789
3546974607379259
3546974819190984
3546974819191369
3546974819191426
3546974833871651
3546974850648432
3546974892591875
3546974957603169
3546975010031833
3546975184095917
3546975303633407
3546975572068609
3546975821630241
3546975918099227
3546976306071675
3546976499010205
3546976557730532
3546976759057354
3546976996034795
3546977113475511
3546977140738143
3546977201556031
3546977266568104
3546977272858857
3546977312705498
3546977346259202
3546977602111797
3546977631471776
3546977690192414
3546977857964085
3546978036222687
3546978103331643
3546978199800081
3546978214480469
3546978787003325
3546978908637944
3546978935900175
3546978946386093
3546978950580507
3546979080603894
3546979235793701
3546979325971104
3546979481159918
3546979615378299
3546979737012374
3546979743303683
3546979766373251
3546979770567105
3546979770567203
3546979957213551
3546980192094555
3546980255009434
3546980420684420
3546980672342058
3546980737354673
3546980793976917
3546980796074935
3546980879960871
3546980892543738
3546981121133441
3546981146298550
3546981215505009
3546981217601773
3546981242767405
3546981280516242
3546981301488086
3546981343430690
3546981389568825
3546981391665416
3546982291344218
3546982295538553
3546982685608582
3546983146981392
3546983587384034
3546983669172916
3546983788710192
3546983792905054
3546983803390259
3546983815973716
3546983876790422
3546984136837925
3546984145226009
3546984145226055
3546984208140331
3546984298317852
3632287784634766
3632298981329458
3632298981329571
3632299002301360
3632299281221931
3632299293804918
3632299295901851
3632299297998869
3632299430119566
3632299532880173
3632300250106167
3632300497570639
3632301011372428
3632301103646834
3632301200116671
3632301275613334
3632301281904747
3632301573409558
3632301619546653
3632301743278442
3632301749570266
3632302022199691
3632302131251318
3632302131251800
3632302833797378
3632302936558554
3632303207090257
3632303425194222
3632303670560902
3632303972551365
3632303993522379
3632304222112385
3632304295512638
3632304341649913
3632304983378828
3632305040001103
3632305134372922
3632305291659962
3632305413294294
3632305541220536
3632305564289898
3632305683827039
3632305732061669
3632306285709679
3632306319264131
3632306331846817
3632306558339634
3632306669488808
3632306816288983
3632307187484755
3632307187484810
3632307189581880
3632307225234259
3632307296537068
3632307659344870
3632307715967283
3632307902614223
3632307936168816
3632307963431531
3632307967625488
3632308158466705
3632308309461491
3632308343015818
3632308428999248
3632308607257188
3632308645005670
3632308745668625
3632308751960399
3632308796000995
3632308854720525
3632308871498543
3632308982647601
3632309173488284
3632309228013659
3632309370620889
3632309374814485
3632309412563149
3632309456603430
3632309471284079
3632309639055535
3632309657930572
3632309716650809
3632309733427251
3632309804731226
3632309909588520
3632310377253703
3632310406613550
3632310446459444
3632310463236241
3632310549220323
3632310624717542
3632310796683274
3632310859598251
3632310926707432
3632310991719163
3632311404857490
3632311404858059
3632311536978371
3632311545366908
3632311566338358
3632311734110458
3632311805413713
3632311805413808
3632311855745536
3632311870425854
3632311989963469
3632312002546050
3632312153541028
3632312187095344
3632312258398580
3632312329702138
3632312520542489
3632312619108385
3632312889641753
3632312889641792
3632312912710004
3632312919001847
3632312975624388
3632313283906231
3632313665588012
3632313915148555
3632313915149257
3632313984355169
3632314095504205
3632314116475136
3632314298927380
3632314426854276
3632314468797174
3632314565265744
3632314584140329
3632314592528943
3632314733038100
3632314777078509
3632314955336048
3632314976308031
3632315070679657
3632315206994283
3632315221674598
3632315343309379
3632315387349035
3632315443972965
3632315473332294
3632315578190492
3632315580287327
3632315657881739
3632316041661236
3632316041661256
3632316255570385
3632316572240580
3632316670806567
3632317251718029
3632317289466708
3632317708897122
3632317817948298
3632317820045858
3632317880863487
3632317981526402
3632318159783947
3632318291904688
3632318325459913
3632318342236196
3632318669392656
3632319103503276
3632319128668389
3632319155931916
3632319231428620
3632319258691990
3632319512447234
3632319913003766
3632319915100251
3632319967529563
3632320189827297
3690969824233714
3690970000394275
3690970090572565
3690970354813582
3690970474351105
3690970499516814
3690970749078343
3690970835060971
3690970849741275
3690970925239179
3690970977667182
3690971059456810
3690971181090962
3690971204160011
3690971208354028
3690971269171237
3690971281754188
3690971283852118
3690971380321054
3690971411778363
3690971569063977
3690971816527892
3690971858471456
3690971917191258
3690971921386388
3690971998980696
3690972198209550
3690972334525080
3690972504394471
3690972581988818
3690972674263399
3690973517318699
3690973573941314
3690973601204673
3690973716548154
3690973909485711
3690974043703743
3690974305848081
3690974360373714
3690974410705666
3690974425385815
3690974727375237
3690974729472461
3690974733666820
3690974735763470
3690975524292730
3690975547361784
3690975547362040
3690975549458868
3690975593498875
3690975622859487
3690975681579925
3690975887100427
3690975964695252
3690976073746499
3690976312822345
3690976715475034
3690976864373479
3690976883247125
3690976971328081
3690977027950925
3690977256540653
3690977269123686
3690977524975948
3690977665485795
3690977709525286
3690977881491840
3690978063943917
3690978103790366
3690978114276218
3690978145732824
3690978414168778
3690978462402676
3690978502249172
3690978533705750
3690978573551621
3690978609203719
3690978810530649
3690978850376128
3690978951039475
3690979196406434
3690979586476538
3690979750054723
3690979850717557
3690980165290661
3690980196747746
3690980272245397
3690980536486628
3690980580526278
3690980792338949
3690980809116550
3690980878321829
3690981241129798
3690981350181009
3690981476010519
3690981895441026
3690981899634900
3690982054824594
3690982071601336
3690982337939491
3690982757370629
3690982839159684
3690982843353326
3690982969182851
3690982981766101
3690982990154355
3690983185189182
3690983392807518
3690983453624905
3690984053410069
3690984506395464
3690984795801796
3690984818871099
3690984936311078
3690984942603036
3690985047459880
3690985072626034
3690985091500120
3690985099888920
3690985466890308
3690985515125090
3690985548679235
3690985550776441
3690985561262710
3690985601108617
3690985735325889
3690985783560351
3690985991178998
3690986158950649
3690986261710870
3690986358180638
3690986599352904
3690986995714243
3690987060726321
3690987150903912
3690987194943522
3690987360618988
3690987457088113
3690987545168090
3690987595500393
3690987641637163
3690987702455140
3690987752786788
3690987897489861
3690988063165136
3690988222548067
3690988243519598
3690988635687351
3690988688116463
3690988734253848
3690988759419142
3690989008980643
3690989231278791
3690989279512809
3690989499713735
3690989585697607
3690989917047437
3690989935921403
3690989988350241
3690990019807717
3690990227425288
3690990235814726
3690990772684915
3690990823017325
3690990867056796
3690991018052202
3690991064189758
3690991338916512
3690991341013057
3690991387150442
3690991678654749
3690991724791860
3690992364423571
3690992462989633
3690992471378704
3690992486058342
3690992492349804
3690992504932416
3690992781756727
3690992997763871
3690993232644710
3690993534634574
3690993589160227
3690993712892303
3690993863887507
3690993916315863
3690993943579354
3690994010688131
3690994266540419
3690994348328996
3690994360911949
3690994381884066
3690994461575615
3690994482547515
3690994652416061
3690994727913740
3690995245910592
3690995407391297
3690995436751767
3690996084771523
3690996281903269
3690996363692325
3690996745374364
3690996776831375
3690997099792555
3690997143833131
3690997307410528
3690997594720966
3690997621983748
3690997739424310
3690997867350366
3690998001567869
3690998016248104
3690998056093810
3690998402123920
3690998431484096
3690998498592905
3690998630713753
3690998932704059
3690999048046813
3690999228401667
3690999228402469
3690999331162826
3690999450700152
3690999903684810
3690999905782068
3691000157440402
3691000197286541
3691000218258131
3691000312629457
3691000316823560
3691000327309387
3691000360864666
3691000365058887
3691000369252944
3691000371349619
3691000373446970
3691000379738406
3691000404904188
3691000438459162
3691000448944845
3691000492985120
3691000530733124
3691000604133981
3691000681728871
3691000771905730
3691000780295090
3691000818042942
3691000841111865
3691001168267758
3691001226987707
3691001254250574
3691001302485751
3691001392662775
3691001573017849
3691001573018342
3691001610766658
3691001675778341
3691001694652603
3691001698847324
3691001952602299
3691002160221102
3691002439141843
3691002453821729
3691002638371086
3691002747423693
3691002827114750
3691002887932785
3691002929875573
3691003059899355
3691003156368193
3691003466746637
3691003554826676
3691003856816929
3691003881982702
3691004064435089
3691004137835429
3691004154612327
3691004217526916
3691004221721404
3691004240595521
3691004246887160
3691005125593562
3691005240936482
3691005259810880
3691005312239875
3691005459040532
3691005603743909
3691005618424632
3691005647784496
3691005702310333
3691005888957013
3691005970746158
3691006071409606
3691006388079145
3691006432119673
3691006461479383
3691006480353738
3691007384226387
3691007436654780
3691007916903086
3691007954651525
3691007973526111
3691008139201011
3691008395053596
3691008432802358
3691008537659891
3691008558631004
3691009036782274
3691009101793348
3691009416366912
3691009552681232
3691009565263994
3691009598819071
3691009682704862
3691009756104809
3691010202798298
3691010758543414
3691011366717679
3691011674999662
3691011700164943
3691011821800321
3691012796975935
3691013069605201
3706923440409299
3706923587209280
3706923589306675
3706923914365779
3706924193286712
3706924514151007
3706924623202532
3706925961185756
3706926680508450
3706927238351391
3706927393540678
3706927737473854
3706928209332773
3706928947530323
3706929029319153
3706929073359505
3706929081747517
3706929390029018
3706929427777565
3706929633298923
3706930537171652
3706930858035315
3706930874812676
3706931059362405
3706931065654039
3706933018102150
3706934039415727
3706934769224628
3706935069116513
3706935761176962
3706935851354506
3706935895394538
3706936759421213
3706936998496295
3706937185143526
3706937430510132
3706937529076022
3706937810094357
3706937849940948
3706938149832745
3706938474892121
3706938661538412
3706938699287171
3706938705578518
3706938778978483
3706938839796135
3706938917390379
3706938927876581
3706939118717195
3706939133397480
3706939210991757
3706939288586565
3706939294878627
3706939496204422
3706939506690206
3706939628325319
3706939756251876
3706939781417038
3706939783514501
3706939814971604
3706939817068701
3706939829651680
3706940045658916
3706940091796270
3706940131641688
3706940347648897
3706940494448975
3706940647541397
3706940945336875
3706941041805364
3706941383641397
3706941532539717
3706941725477204
3706941817752421
3706941970844622
3706941983427446
3706942136519088
3706942195239020
3706942249765430
3706942377691320
3706942451091915
3706942526588971
3706942734207894
3706942822287408
3706942996351029
3706943099111741
3706943178803647
3706943306730334
3706943407393440
3706943610817140
3706943931680942
3706943944263852
3706943944264308
3706943944264500
3706943979915890
3706944040733377
3706944191727970
3706944260933912
3706944332237599
3706944428705797
3706944437094590
3706944466454557
3706944472746203
3706944483232496
3706944520980497
3706944581798468
3706944585993016
3706944648907726
3706944755862143
3706944816679155
3706945053657616
3706945162709094
3706945219332873
3706945294829890
3706945326287834
3706945330481482
3706945806535058
3706945980598873
3706946089651154
3706946376960469
3706946750253333
3706946806876682
3706946840431365
3706946945288963
3706947190655883
3706947475867875
3706947503130981
3706947622668330
3706947649932062
3706947668806264
3706947784149860
3706947809315145
3706947909978886
3706948545415900
3706948602038899
3706948656564624
3706948662855863
3706948815948534
3706949180852716
3706949212310382
3706949352819275
3706949638031987
3706949747083608
3706949933730387
3706949965187911
3706950250400519
3706950523029548
3706950690801832
3706950692899600
3706950728551152
3706950801951122
3706950852283032
3706950931974711
3706951192021124
3706951273810440
3706951322045209
3706951326238958
3706951366084635
3706951370279111
3706951464651183
3706951514983187
3706951647103016
3706951657589245
3706951892470423
3706951991036789
3706952228014741
3706952423049349
3706952429340761
3706952521616348
3706952632764721
3706952859257336
3706952884422817
3706952897006423
3706952917977183
3706953068972534
3706953083652787
3706954161588355
3706954591504568
3706954593602376
3706954941729103
3706955061267009
3706955117889801
3706955199679196
3706955413588859
3706955768007064
3706955812047513
3706955847698953
3706955935779415
3706956084676837
3706956250352251
3706956539758829
3706956925635196
3706956975966479
3706957059852538
3706957061949550
3706957141641794
3706957252790596
3706957321996363
3706957523323657
3706958007765599
3706958104234777
3706958305561039
3706959389788488
3706960083945509
3706960146860489
3706960381741725
3706960593554232
3706960702606016
3706960713091679
3706960790686562
3706960832629423
3706960859892366
3706960876669647
3706960945875719
3706961182853933
3706961195436910
3706961394665854
3706961495328994
3706961505814848
3706961545660972
3706961981868367
3706962137057643
3706962179000991
3706962185292500
3706962340481475
3706962367744054
3706962445339391
3706962464213070
3706962535517034
3706962550197058
3706962829117948
3706963305171490
3706963487623985
3706963626035499
3706963753962218
3706964112574934
3706964687194346
3706964701874422
3706964766886164
3706965268105861
3706965314242773
3706965389740830
3706965658175825
3706965744159247
3706965796587890
3706966071314471
3706966346041613
3706966381693162
3706966559951451
3706966572534620
3706966578825678
3706966834677795
3706966859843972
3706967386228844
3706967390423262
3706967403006716
3706967432366232
3706967759522689
3706967788882447
3706967897934539
3706968143300703
3706968212507042
3706968436902744
3706969179293957
3706969229625909
3706969351260295
3706969753913637
3706969770691148
3706969806342589
3706969841994085
3706969883937309
3706969953142870
3706969957337201
3706969980405903
3706970332728165
3706970464848369
3706970624231506
3706970806683785
3706970930415894
3706971108674429
3706971203046078
3706971280640826
3706971354040560
3706971368721044
3706971475675667
3706971597310585
3706971645544718
3706971888814409
3706971890912165
3706971897203141
3706971916078005
3706972096433014
3706973302294901
3706973480553123
3706973654616606
3706973837068423
3706973847554177
3706973876914491
3706974032103803
3706974132766856
3706974193584778
3706974256498798
3706974348773577
3706974474603099
3706974661249408
3706974736746728
3706974757718168
3706974778690504
3706974866770829
3706974894032899
3706975042930765
3706975202314894
3706975214897875
3706975250549028
3706975351212584
3706975682562595
3706975703534087
3706976043272518
3706976112478226
3706976399788916
3706976754207079
3706976995379958
3706977299466320
3706977318341179
3706977989429530
3706978220116212
3706978266253380
3706978622769342
3706978639546642
3706978664712800
3706978675198087
3706978746501601
3706978876524848
3706979052685779
3706979199486291
3706979564391241
3706979671345321
3706979849603894
3706980015278798
3706980361309056
3706982022253133
3706982345213966
3706982485723267
3706982544443439
3706983563659506
3706983647545552
3706983859358237
3706984060684404
3706984419298157
3706984444463774
3706984543030060
3706984635304807
3706984675150792
3706984790493872
3706985163786356
3706985214118071
3706985499330648
3706985534982451
3706985864235824
3706985885206529
3706986619209846
3706986703095991
3706986745039257
3706986774399121
3706986837313859
3706986925394380
3706987034445986
3706987122526358
3706987267229750
3706987397253643
3706987464362673
3706987481140059
3706988001233451
3706988131257250
3706989272107759
3706989299370465
3706989446170789
3706989446171151
3706989483919741
3706989530057300
3706989557320437
3706989731383608
3706990050150882
3706990083705010
3706990102579839
3706990266157690
3706990501038457
3706990536689714
3706990725433994
3706991025326380
3706991455243045
3706991914519527
3706992174566168
3706992208120596
3706992533178752
3706992937929079
3706992963094767
3706993009232036
3706993067952984
3706993416080127
3706993491577799
3706993625794623
3706993726458406
3706994041030863
3706994250746711
3706994403838441
3706994848435128
3706995467094305
3706995582438117
3706996295469664
3706996339509803
3706996631013943
3706996664568332
3706996914129108
3706996922517838
3706997048347209
3706997056736095
3706997178370130
3706997186759086
3706997639743496
3706997667007052
3706997671200793
3706997675395893
3706997738309676
3706997977385011
3706998067563048
3706998208071830
3706998300346729
3706998306638026
3706998965143714
3707000045177783
3707000592534392
3707000735139994
3707000902912949
3707000907106431
3707001005673113
3707001462852468
3707001947294580
3707001959876943
3707002006014008
3707002140232484
3707002289129726
3707002469485044
3707002570148797
3707002689685697
3707002693879940
3707002792446241
3707003234945190
3707003358677601
3707003360774873
3707004061223343
3707004128332326
3707004566637526
3707004728117903
3707004828780827
3707005292251493
3707005485189710
3707005577464346
3707005818636447
3707005994797107
3707006437296890
3707006464560008
3707007609604393
3707007911594177
3707008050006571
3707008112920597
3707008156961415
3707008379259433
3707008471533647
3707008536545519
3707008698026560
3707008731580448
3707008937101571
3707009268451361
3707009463486546
3707009643842040
3707009895500582
3707010476411703
3707010541422697
3707010677737501
3707011155888138
3707011264940685
3707011290106685
3707011644525222
3707011887794694
3707011944418001
3707012409985797
3707012468705726
3707012472899774
3707012569368745
3707012837804878
3707012844095615
3707013181737255
3707013181737322
3707013217389003
3707013271914862
3707013401938176
3707013974461023
3707014028986591
3707014093998238
3707014104484214
3707014194662118
3707014364531669
3707014366627874
3707014695881329
3707014771378836
3707014993676840
3707015167740740
3707015226460410
3707015910132039
3707016035961767
3707016220510710
3707016421836870
3707016505722995
3707016585415391
3707016704952850
3707016820295828
3707016855947705
3707016904182184
3707016996457341
3707017009039731
3707017109703486
3707017128577035
3707017206172046
3707017606728576
3707017640282273
3707017690614614
3707017751431250
3707017793375169
3707017812248608
3707017839511781
3707017841608836
3707017841609083
3707017841609558
3707017843706825
3707018126822135
3707018128918864
3707018214902168
3707018737092706
3707018837756377
3707018848241947
3707019049568935
3707020389648809
3707021104777574
3707021511625589
3707021540985609
3707021970901825
3707022086244801
3707022155450682
3707022214171027
3707023396965346
3707023438907939
3707023564737485
3707024078539304
3707024130968217
3707024137259409
3707024764307890
3707024896428903
3707025018063530
3707025427007863
3707025475242052
3707025752066991
3707025989044538
3707026410572486
3707026414766507
3707027058591756
3707027058592560
3707027423496495
3707027610143116
3707028268648771
3707028514016114
3707028566444734
3707028860045519
3707029076052295
3707030168668197
3707030200125970
3707030216903145
3707030269332253
3707030428715679
3707030843951684
3707030938323754
3707031156426855
3707031519234641
3707031605217573
3707031823321335
3707032301472364
3707032326638024
3707032479730437
3707032790108227
3707033134041700
3707033744312953
3707033805130283
3707033824004538
3707033868044340
3707035258456130
3707035969391111
3707036091025665
3707036151843107
3707036304935692
3707036923594797
3707036999092903
3707037280110793
3707037317860216
3707037737289910
3707038230120730
3707038613899519
3707038666328954
3707038790060937
3707039232559785
3707040480365427
3707041233242958
3707041277282426
3707041386334910
3707041396820013
3707042892089465
3707043441543387
3707043544304586
3707043976317289
3707044590782973
3707044618045669
3707044976659130
3707045062642390
3707045169597000
3707045507238296
3707045591124162
3707045603707105
3707046767626748
3707046975244889
3707047971391913
3707048210467197
3707048216759047
3707048508263380
3707048793475364
3707049240169217
3707049579907366
3707049756068612
3707050695592914
3707050714466477
3707050733341412
3707050756409425
3707051230366657
3707051385555840
3707051549133153
3707051599465258
3707051951786244
3707052046157839
3707052067129513
3707052117461350
3707052241193419
3707052354440018
3707052369119995
3707052729829580
3707052790647086
3707052895504886
3707053906332431
3707054076201136
3707054678083600
3707054910868332
3707054912964931
3707055305132973
3707062867462227
3707064597612546
3707073818790474
3707078279432683
3707079829227923
3707080703740544
3707085804014139
3744944678242833
3744944778906860
3744944850209075
3744967944047272
3744969273641091
3744970259303790
3744977978919242
3744978071194699
3744978100555047
3744980271107253
3744987049102657
3744987709704580
3744988076706135
3744988728920132
3744989454534963
3744989752331188
3744989987211565
3744990566026123
3744999527157370
3744999543934168
3744999577488193
3744999701220350
3745003631284163
3745016203709402
3745017982094907
3745034291644481
3745034839002924
3745044764822987
3745044771114692
3745045320568460
3745045735804794
3745062536088785
3745066138996372
3747501171543842
3747509864237173
3747528273038239
3747531892722100
3747532268112171
